tf,target,mean_weight,std_across_cells,min_weight,max_weight
Gene_69,Gene_215,0.14480218291282654,0.14813777804374695,-0.18863631784915924,0.2598375082015991
Gene_81,Gene_197,0.11625871807336807,0.14226415753364563,-0.15144996345043182,0.2873954772949219
Gene_84,Gene_285,0.029119301587343216,0.13435782492160797,-0.2131446897983551,0.21777796745300293
Gene_88,Gene_196,0.17729662358760834,0.1300659477710724,-0.1451692283153534,0.26245880126953125
Gene_96,Gene_242,0.07974215596914291,0.12717700004577637,-0.11955461651086807,0.26568809151649475
Gene_71,Gene_129,-0.03923715278506279,0.1265406310558319,-0.2502649426460266,0.17512138187885284
Gene_76,Gene_273,0.08692286908626556,0.12572714686393738,-0.1491430699825287,0.24774251878261566
Gene_77,Gene_189,0.08905985206365585,0.12261342257261276,-0.1257583498954773,0.27158063650131226
Gene_92,Gene_262,-0.010718915611505508,0.1203913763165474,-0.19558195769786835,0.2211940437555313
Gene_87,Gene_121,0.14013628661632538,0.12029390037059784,-0.11756721138954163,0.2794906497001648
Gene_76,Gene_234,0.07831219583749771,0.11818298697471619,-0.16058629751205444,0.2512366771697998
Gene_73,Gene_121,0.050398457795381546,0.1159592717885971,-0.11224550008773804,0.2937619686126709
Gene_74,Gene_253,0.004495413042604923,0.11516591906547546,-0.18570324778556824,0.19794493913650513
Gene_93,Gene_140,-0.06798029690980911,0.11421480029821396,-0.20014363527297974,0.21583515405654907
Gene_95,Gene_254,0.0891689732670784,0.11370301246643066,-0.1905173361301422,0.22472620010375977
Gene_79,Gene_225,0.08808650821447372,0.11254517734050751,-0.15641330182552338,0.22182734310626984
Gene_70,Gene_204,0.07880599796772003,0.11251872032880783,-0.14237311482429504,0.23721268773078918
Gene_86,Gene_241,0.12984253466129303,0.11224833875894547,-0.13636939227581024,0.27062922716140747
Gene_79,Gene_230,0.0412568524479866,0.11155083030462265,-0.20311185717582703,0.20514711737632751
Gene_86,Gene_244,0.042385000735521317,0.11092205345630646,-0.1714700609445572,0.21723175048828125
Gene_77,Gene_187,0.04911188408732414,0.10933390259742737,-0.13990682363510132,0.25522279739379883
Gene_86,Gene_299,0.014412797056138515,0.10759060829877853,-0.21819330751895905,0.19141940772533417
Gene_69,Gene_163,-0.003842440666630864,0.1063729077577591,-0.21849384903907776,0.14520713686943054
Gene_93,Gene_179,-0.0741768628358841,0.10558430850505829,-0.2125404328107834,0.19431015849113464
Gene_70,Gene_243,0.21811774373054504,0.10486730933189392,-0.046598900109529495,0.3141162395477295
Gene_71,Gene_117,0.11400074511766434,0.10425519198179245,-0.11193957924842834,0.28017953038215637
Gene_77,Gene_219,0.06237787753343582,0.10385414958000183,-0.148011714220047,0.24085305631160736
Gene_95,Gene_220,0.14011931419372559,0.1032707467675209,-0.11654973775148392,0.2435714602470398
Gene_68,Gene_297,0.011509924195706844,0.1031605675816536,-0.133978009223938,0.24801743030548096
Gene_65,Gene_177,0.0009401540737599134,0.10279759019613266,-0.20951765775680542,0.19565890729427338
Gene_94,Gene_215,0.11795172840356827,0.10268586128950119,-0.14118431508541107,0.22647283971309662
Gene_72,Gene_145,-0.013315628282725811,0.10255434364080429,-0.19395846128463745,0.1702832579612732
Gene_93,Gene_139,-0.021845465525984764,0.10247450321912766,-0.18160401284694672,0.21241867542266846
Gene_69,Gene_256,0.04666334390640259,0.10244949907064438,-0.14599734544754028,0.22260327637195587
Gene_66,Gene_262,0.07548315078020096,0.10188090056180954,-0.12847106158733368,0.26266002655029297
Gene_92,Gene_113,0.10235633701086044,0.10164570808410645,-0.11324189603328705,0.2623196840286255
Gene_77,Gene_234,0.05402280390262604,0.10135765373706818,-0.20081909000873566,0.18919363617897034
Gene_77,Gene_253,0.03155280649662018,0.10129863023757935,-0.20068825781345367,0.1922978013753891
Gene_84,Gene_244,2.1114349237905117e-06,0.10105028003454208,-0.20536530017852783,0.1774209886789322
Gene_93,Gene_221,0.14251379668712616,0.100980244576931,-0.0993540957570076,0.2562588155269623
Gene_88,Gene_166,0.127034530043602,0.10081437230110168,-0.05264735221862793,0.29275161027908325
Gene_69,Gene_211,0.10661643743515015,0.10066226869821548,-0.10003873705863953,0.24307219684123993
Gene_70,Gene_219,0.1789008527994156,0.0989537388086319,-0.0747499018907547,0.2962050139904022
Gene_88,Gene_248,0.2025870829820633,0.09812355041503906,-0.06141510605812073,0.27339839935302734
Gene_93,Gene_136,0.04038507863879204,0.09787032753229141,-0.17252936959266663,0.20244722068309784
Gene_73,Gene_242,0.03340770676732063,0.09709262102842331,-0.13470683991909027,0.24328096210956573
Gene_93,Gene_199,0.057520654052495956,0.09702042490243912,-0.1140085905790329,0.21772043406963348
Gene_61,Gene_263,-0.010415545664727688,0.09694398194551468,-0.17497709393501282,0.1917276680469513
Gene_70,Gene_249,0.06441334635019302,0.09652407467365265,-0.14907975494861603,0.22866351902484894
Gene_61,Gene_140,0.14142803847789764,0.09649159759283066,-0.06228422001004219,0.29322436451911926
Gene_62,Gene_281,0.16769875586032867,0.0956939235329628,-0.05151478946208954,0.29227280616760254
Gene_67,Gene_253,0.12063848972320557,0.09562575072050095,-0.09016138315200806,0.28502345085144043
Gene_84,Gene_209,0.09523272514343262,0.09505980461835861,-0.14617660641670227,0.2303646355867386
Gene_74,Gene_139,0.04583975672721863,0.09455897659063339,-0.13796603679656982,0.22917430102825165
Gene_77,Gene_140,-0.03555977717041969,0.09413556754589081,-0.15584760904312134,0.2136244922876358
Gene_63,Gene_242,0.04958120360970497,0.092435821890831,-0.1855081170797348,0.17838768661022186
Gene_80,Gene_294,0.11971817165613174,0.09240011870861053,-0.10248567163944244,0.23428572714328766
Gene_90,Gene_114,0.05477163940668106,0.09196382015943527,-0.11220353096723557,0.24872803688049316
Gene_66,Gene_247,0.05867069214582443,0.09194888919591904,-0.15392515063285828,0.1940036118030548
Gene_70,Gene_200,0.03778765723109245,0.09146948158740997,-0.1309407502412796,0.20261256396770477
Gene_70,Gene_163,0.06993668526411057,0.09129586070775986,-0.09803753346204758,0.23383283615112305
Gene_77,Gene_274,0.07545865327119827,0.09127849340438843,-0.11005805432796478,0.2505336403846741
Gene_70,Gene_205,0.10282538086175919,0.0912417322397232,-0.07865510135889053,0.2523611783981323
Gene_68,Gene_198,0.1559082567691803,0.09069184213876724,-0.05621190741658211,0.2846343517303467
Gene_68,Gene_134,0.0853208601474762,0.09061264246702194,-0.11121048033237457,0.21724843978881836
Gene_84,Gene_168,0.2057882398366928,0.09029583632946014,-0.007957026362419128,0.3419460952281952
Gene_84,Gene_166,0.08440854400396347,0.09019013494253159,-0.11346197873353958,0.22497813403606415
Gene_68,Gene_143,0.015494093298912048,0.09016654640436172,-0.16903865337371826,0.18118572235107422
Gene_87,Gene_184,0.05231350287795067,0.08990848809480667,-0.12722845375537872,0.21137285232543945
Gene_95,Gene_297,-0.06177932396531105,0.08971136063337326,-0.20843470096588135,0.1112179085612297
Gene_74,Gene_281,0.12698538601398468,0.08944833278656006,-0.13359001278877258,0.23258495330810547
Gene_69,Gene_148,0.021754350513219833,0.08942481130361557,-0.10975005477666855,0.21705566346645355
Gene_88,Gene_165,0.05069473385810852,0.08862192928791046,-0.13909952342510223,0.22130835056304932
Gene_68,Gene_215,0.02796071022748947,0.08801207691431046,-0.1642645001411438,0.18844065070152283
Gene_70,Gene_167,0.13464894890785217,0.08783204108476639,-0.08797548711299896,0.2785224914550781
Gene_79,Gene_253,0.05609847232699394,0.08759257942438126,-0.08574201911687851,0.24910187721252441
Gene_68,Gene_256,0.0011952610220760107,0.08755387365818024,-0.20154127478599548,0.16947294771671295
Gene_98,Gene_264,0.13649100065231323,0.08721496164798737,-0.1114545613527298,0.2507411539554596
Gene_87,Gene_294,0.07462866604328156,0.08714603632688522,-0.13699302077293396,0.20742587745189667
Gene_68,Gene_173,0.19708365201950073,0.08648312836885452,-0.03931141644716263,0.3083243668079376
Gene_85,Gene_176,0.10007695108652115,0.08640836179256439,-0.10420224070549011,0.20902268588542938
Gene_79,Gene_294,-0.15888257324695587,0.08634630590677261,-0.25991010665893555,0.07769753038883209
Gene_88,Gene_216,0.0752718448638916,0.0862937867641449,-0.12636271119117737,0.22943764925003052
Gene_69,Gene_199,-0.07317566871643066,0.08608100563287735,-0.2415674924850464,0.09347333759069443
Gene_70,Gene_113,0.19194850325584412,0.08569928258657455,-0.04987306892871857,0.2973197102546692
Gene_84,Gene_160,0.07809935510158539,0.08560215681791306,-0.07386830449104309,0.24078595638275146
Gene_99,Gene_131,0.2029358148574829,0.08534632623195648,-0.02749006822705269,0.29968559741973877
Gene_71,Gene_263,0.10796813666820526,0.08493039011955261,-0.16216637194156647,0.21938998997211456
Gene_93,Gene_160,0.1329077184200287,0.08491584658622742,-0.1297052800655365,0.2117486447095871
Gene_84,Gene_239,0.050140008330345154,0.08486056327819824,-0.09993529319763184,0.21253573894500732
Gene_71,Gene_262,-0.07390870898962021,0.08473329991102219,-0.22353963553905487,0.11974629759788513
Gene_70,Gene_294,-0.0910162478685379,0.0845324769616127,-0.21378272771835327,0.14238031208515167
Gene_63,Gene_125,0.00771702965721488,0.08446794748306274,-0.15797823667526245,0.21000680327415466
Gene_77,Gene_243,0.137333482503891,0.08438466489315033,-0.03833357244729996,0.2799071967601776
Gene_68,Gene_268,0.162963405251503,0.08434563130140305,-0.07314993441104889,0.270064115524292
Gene_85,Gene_129,0.05119623616337776,0.08426563441753387,-0.11584894359111786,0.20524248480796814
Gene_77,Gene_125,0.15409505367279053,0.08421393483877182,-0.06478308141231537,0.25773799419403076
Gene_85,Gene_231,0.035732146352529526,0.08417674899101257,-0.13039788603782654,0.19310262799263
Gene_68,Gene_197,0.1338941603899002,0.08394418656826019,-0.09787959605455399,0.21522574126720428
Gene_69,Gene_173,0.20806051790714264,0.08392683416604996,-0.0043017566204071045,0.30428698658943176
Gene_88,Gene_270,0.06646319478750229,0.0839136615395546,-0.11995811760425568,0.2228284478187561
Gene_61,Gene_281,0.14631465077400208,0.083434097468853,-0.06271834671497345,0.2594252824783325
Gene_73,Gene_173,0.15321758389472961,0.08340492844581604,0.01149197667837143,0.3009204864501953
Gene_69,Gene_216,0.12075500190258026,0.08325410634279251,-0.038703735917806625,0.27949434518814087
Gene_73,Gene_257,0.1525176763534546,0.08324818313121796,-0.05708886310458183,0.2806189954280853
Gene_95,Gene_154,0.11421067267656326,0.08301544189453125,-0.1091306209564209,0.21654227375984192
Gene_90,Gene_149,-0.023212173953652382,0.08286333084106445,-0.17071814835071564,0.167070209980011
Gene_84,Gene_253,0.13434633612632751,0.08208326250314713,-0.06478754431009293,0.29098936915397644
Gene_90,Gene_279,0.05231436714529991,0.08180618286132812,-0.09220071136951447,0.23281548917293549
Gene_81,Gene_258,0.03529169410467148,0.08177868276834488,-0.09028852730989456,0.2052234709262848
Gene_65,Gene_289,0.02432100474834442,0.0817573070526123,-0.14236260950565338,0.18301934003829956
Gene_84,Gene_197,0.2207050770521164,0.08149594068527222,-0.008205540478229523,0.3138812184333801
Gene_83,Gene_271,0.15500549972057343,0.0814594104886055,-0.1490468680858612,0.22281920909881592
Gene_81,Gene_204,0.11159259080886841,0.0813218355178833,-0.061467427760362625,0.2529897093772888
Gene_70,Gene_133,0.05055027827620506,0.08122492581605911,-0.12239927053451538,0.1944887340068817
Gene_83,Gene_241,0.1208820715546608,0.08114117383956909,-0.10434103012084961,0.20454302430152893
Gene_65,Gene_209,0.17769134044647217,0.08111721277236938,-0.04335843771696091,0.24092672765254974
Gene_98,Gene_187,0.06128969043493271,0.08091931790113449,-0.13709773123264313,0.2115371823310852
Gene_70,Gene_139,0.20148348808288574,0.08033622801303864,-0.03685588389635086,0.2886456549167633
Gene_69,Gene_189,0.10870005935430527,0.08006654679775238,-0.06423090398311615,0.21133923530578613
Gene_84,Gene_179,0.17545409500598907,0.07951535284519196,-0.010667897760868073,0.29973816871643066
Gene_66,Gene_145,0.02192039042711258,0.07951280474662781,-0.1754472702741623,0.14734813570976257
Gene_61,Gene_103,0.02950355038046837,0.07932700961828232,-0.09509646892547607,0.20707078278064728
Gene_91,Gene_224,0.059240810573101044,0.07929760962724686,-0.10822652280330658,0.20512662827968597
Gene_91,Gene_243,0.16440698504447937,0.07929535955190659,-0.041364915668964386,0.27531689405441284
Gene_71,Gene_158,0.13325966894626617,0.0790439024567604,-0.01864200457930565,0.2613363265991211
Gene_74,Gene_176,0.05144743248820305,0.07855012267827988,-0.07750716805458069,0.23834241926670074
Gene_80,Gene_243,0.13513708114624023,0.07838237285614014,-0.03914254158735275,0.2735291123390198
Gene_83,Gene_166,0.12529462575912476,0.07835408300161362,-0.09839235246181488,0.20961515605449677
Gene_93,Gene_244,0.11457733809947968,0.07832169532775879,-0.0981106236577034,0.2526851296424866
Gene_71,Gene_297,-0.04367103427648544,0.07811792194843292,-0.18958960473537445,0.11884927749633789
Gene_94,Gene_265,-0.09366945177316666,0.07803164422512054,-0.24554459750652313,0.07966649532318115
Gene_77,Gene_136,0.03990018367767334,0.07799067348241806,-0.1013440489768982,0.18450140953063965
Gene_69,Gene_219,0.054685067385435104,0.07785455882549286,-0.13982725143432617,0.19608965516090393
Gene_61,Gene_203,0.05348752439022064,0.07784188538789749,-0.10374550521373749,0.20638594031333923
Gene_74,Gene_145,0.0861586332321167,0.07748997211456299,-0.10901064425706863,0.22414430975914001
Gene_96,Gene_217,0.16349215805530548,0.07711433619260788,-0.060639478266239166,0.24367526173591614
Gene_96,Gene_283,0.11830653250217438,0.07706593722105026,-0.08235771209001541,0.22621266543865204
Gene_64,Gene_297,0.08483216911554337,0.07700652629137039,-0.11821424216032028,0.20454098284244537
Gene_96,Gene_266,0.06927923113107681,0.07700243592262268,-0.117784783244133,0.21779756247997284
Gene_76,Gene_201,0.054756440222263336,0.07696656882762909,-0.06785415858030319,0.19660510122776031
Gene_87,Gene_253,-0.07110695540904999,0.07695376873016357,-0.19372202455997467,0.16365946829319
Gene_71,Gene_194,0.14852705597877502,0.07692566514015198,-0.030312977731227875,0.27509886026382446
Gene_89,Gene_294,0.03709414228796959,0.07570169866085052,-0.12140816450119019,0.23072627186775208
Gene_82,Gene_286,0.018863435834646225,0.07562639564275742,-0.13809294998645782,0.16212591528892517
Gene_95,Gene_221,-0.005040482152253389,0.07554280757904053,-0.15807923674583435,0.16524240374565125
Gene_97,Gene_292,0.12886592745780945,0.07540393620729446,1.2509524822235107e-05,0.2705548107624054
Gene_96,Gene_204,0.04673856496810913,0.07512488961219788,-0.09542509913444519,0.17907902598381042
Gene_77,Gene_185,0.00047355174319818616,0.07501333951950073,-0.16224776208400726,0.17920057475566864
Gene_70,Gene_129,-0.0696733295917511,0.0748668909072876,-0.24286173284053802,0.09898607432842255
Gene_74,Gene_125,0.13411542773246765,0.07461681216955185,-0.0750666931271553,0.2630142271518707
Gene_72,Gene_204,0.10577967762947083,0.07451009005308151,-0.08272387087345123,0.22879840433597565
Gene_89,Gene_260,-0.04110019654035568,0.07450858503580093,-0.20762138068675995,0.10383981466293335
Gene_70,Gene_158,0.16982333362102509,0.07437042891979218,-0.04558341205120087,0.27875950932502747
Gene_62,Gene_140,0.139539897441864,0.07435542345046997,-0.05639823526144028,0.243550643324852
Gene_96,Gene_191,0.17558908462524414,0.07421225309371948,-0.029219239950180054,0.27931472659111023
Gene_75,Gene_294,0.12235166877508163,0.07409021258354187,-0.045010633766651154,0.2486487776041031
Gene_90,Gene_139,0.07570978999137878,0.0738682746887207,-0.13249649107456207,0.19980134069919586
Gene_70,Gene_232,0.14354762434959412,0.07370315492153168,-0.008377768099308014,0.26979967951774597
Gene_77,Gene_198,0.156406432390213,0.07362638413906097,-0.0044952258467674255,0.2809639573097229
Gene_78,Gene_254,0.15362313389778137,0.07349336892366409,-0.0979059636592865,0.2557286024093628
Gene_74,Gene_234,0.02268916554749012,0.07337828725576401,-0.10049009323120117,0.17129597067832947
Gene_70,Gene_185,0.06842652708292007,0.07324463874101639,-0.07866498827934265,0.22216796875
Gene_74,Gene_258,0.0896187275648117,0.0731901079416275,-0.07390183955430984,0.18566685914993286
Gene_94,Gene_242,0.2228402942419052,0.07314512133598328,0.00027492642402648926,0.2968861758708954
Gene_85,Gene_163,0.06430618464946747,0.07305173575878143,-0.13307128846645355,0.19050446152687073
Gene_94,Gene_127,0.22091083228588104,0.07292522490024567,0.027226198464632034,0.2790887951850891
Gene_90,Gene_220,0.04476677626371384,0.07282809913158417,-0.085201196372509,0.20027117431163788
Gene_93,Gene_267,0.13076789677143097,0.07265279442071915,-0.028524674475193024,0.26331469416618347
Gene_99,Gene_226,0.1271989345550537,0.07263611257076263,-0.034109994769096375,0.24184031784534454
Gene_74,Gene_173,0.16619209945201874,0.07262638956308365,-0.04098562151193619,0.25280311703681946
Gene_89,Gene_280,0.09511575102806091,0.07237204164266586,-0.11133559048175812,0.2020951211452484
Gene_82,Gene_160,-0.038542792201042175,0.07233918458223343,-0.15650314092636108,0.16933070123195648
Gene_93,Gene_242,0.10244468599557877,0.07231199741363525,-0.045987196266651154,0.22698327898979187
Gene_93,Gene_231,0.14183539152145386,0.0720776617527008,-0.09398102760314941,0.24783340096473694
Gene_93,Gene_300,-0.02065102383494377,0.07206082344055176,-0.15570314228534698,0.13672322034835815
Gene_100,Gene_276,0.11597326397895813,0.07178942114114761,-0.08981494605541229,0.21117720007896423
Gene_97,Gene_159,0.1519610583782196,0.07169400155544281,-0.03256771340966225,0.2437744438648224
Gene_62,Gene_174,-0.029616540297865868,0.0714980810880661,-0.1659436970949173,0.11603575944900513
Gene_69,Gene_145,0.05794947221875191,0.07138621807098389,-0.0850827544927597,0.18303246796131134
Gene_94,Gene_133,0.027540618553757668,0.07119707763195038,-0.11698493361473083,0.1661146730184555
Gene_89,Gene_292,0.10511500388383865,0.07071327418088913,-0.07792723178863525,0.21905004978179932
Gene_77,Gene_138,0.07223957777023315,0.07052026689052582,-0.07985895872116089,0.19657349586486816
Gene_68,Gene_193,0.17173632979393005,0.07049471139907837,-0.06705549359321594,0.26606425642967224
Gene_68,Gene_121,0.19610460102558136,0.07047765702009201,0.03991664946079254,0.30498987436294556
Gene_62,Gene_106,-0.0012804161524400115,0.07045900821685791,-0.14799615740776062,0.17921395599842072
Gene_74,Gene_247,0.06852453202009201,0.0703333169221878,-0.07405665516853333,0.2033790946006775
Gene_83,Gene_184,-0.14184445142745972,0.06984193623065948,-0.24561353027820587,0.04348015785217285
Gene_82,Gene_244,0.06311751902103424,0.06940338015556335,-0.1362159550189972,0.17596492171287537
Gene_61,Gene_101,0.13345541059970856,0.06935539841651917,-0.054067470133304596,0.21968574821949005
Gene_76,Gene_113,0.014365441165864468,0.06913808733224869,-0.12418505549430847,0.15795119106769562
Gene_87,Gene_133,0.12176356464624405,0.06913302838802338,-0.022982846945524216,0.2492179572582245
Gene_64,Gene_185,-0.022145861759781837,0.06903966516256332,-0.17733469605445862,0.1485576331615448
Gene_79,Gene_160,0.059908248484134674,0.06900204718112946,-0.06498239934444427,0.2330852895975113
Gene_74,Gene_300,0.10312141478061676,0.06896848231554031,-0.09668338298797607,0.23324525356292725
Gene_81,Gene_218,0.17508645355701447,0.06878556311130524,0.032583970576524734,0.28411737084388733
Gene_84,Gene_237,-0.04414084553718567,0.06878086179494858,-0.18828079104423523,0.1301942765712738
Gene_65,Gene_156,0.10481742769479752,0.06870736926794052,-0.007453426718711853,0.24232523143291473
Gene_89,Gene_164,0.15715493261814117,0.06869740039110184,0.01020257268100977,0.24884280562400818
Gene_63,Gene_168,0.23059901595115662,0.0686628520488739,0.01090075820684433,0.2827759087085724
Gene_87,Gene_167,0.07454293221235275,0.06862680613994598,-0.03522602841258049,0.22241656482219696
Gene_77,Gene_300,0.07637760043144226,0.06845082342624664,-0.06141531094908714,0.2213076651096344
Gene_93,Gene_284,0.1813308149576187,0.06832030415534973,0.01704900711774826,0.27057963609695435
Gene_63,Gene_175,0.20317834615707397,0.06813836842775345,-0.00998283363878727,0.27667778730392456
Gene_88,Gene_147,0.07192878425121307,0.0681152418255806,-0.07972697168588638,0.1935109794139862
Gene_79,Gene_195,0.16195785999298096,0.06807601451873779,-0.0073758382350206375,0.2403871715068817
Gene_73,Gene_295,0.1828787475824356,0.06800597906112671,-0.007389049977064133,0.24871774017810822
Gene_91,Gene_203,0.06968788057565689,0.06796686351299286,-0.105136938393116,0.18274985253810883
Gene_69,Gene_134,-0.0735245943069458,0.0679287388920784,-0.1813330203294754,0.11850032210350037
Gene_68,Gene_181,0.10046743601560593,0.06789257377386093,-0.061550259590148926,0.24342921376228333
Gene_68,Gene_187,0.20896603167057037,0.06779308617115021,0.008564628660678864,0.31338590383529663
Gene_73,Gene_221,0.015079392120242119,0.06774793565273285,-0.1463153064250946,0.14391298592090607
Gene_69,Gene_229,0.04884287714958191,0.06761808693408966,-0.1108468696475029,0.15989196300506592
Gene_75,Gene_204,0.08807582408189774,0.06753946840763092,-0.06678284704685211,0.23407654464244843
Gene_89,Gene_286,0.04507534205913544,0.06721450388431549,-0.09173206239938736,0.20098790526390076
Gene_64,Gene_138,0.13593927025794983,0.06694623082876205,-0.04539435729384422,0.27498337626457214
Gene_98,Gene_138,0.15686233341693878,0.06675637513399124,0.025862475857138634,0.2678819000720978
Gene_69,Gene_174,0.14767415821552277,0.06655402481555939,-0.004009224474430084,0.274342805147171
Gene_98,Gene_284,0.031220946460962296,0.0665166825056076,-0.09348195791244507,0.1898804008960724
Gene_83,Gene_147,0.08787000924348831,0.06629111617803574,-0.08145216107368469,0.2062997668981552
Gene_96,Gene_114,0.10182482749223709,0.06621890515089035,-0.03733827546238899,0.22495009005069733
Gene_64,Gene_272,0.21918059885501862,0.06617388874292374,0.04454301297664642,0.3046169877052307
Gene_79,Gene_239,0.1693210005760193,0.06616465002298355,-2.2351741790771484e-05,0.2868020236492157
Gene_72,Gene_202,0.16438551247119904,0.06611928343772888,-0.048861313611269,0.24527674913406372
Gene_63,Gene_253,0.11013444513082504,0.0659022182226181,-0.10744410753250122,0.19196851551532745
Gene_79,Gene_223,0.046676576137542725,0.06581025570631027,-0.07646413147449493,0.1939419060945511
Gene_69,Gene_284,-0.10114084184169769,0.06573802977800369,-0.2396155446767807,0.041272688657045364
Gene_77,Gene_139,0.17030423879623413,0.06570789217948914,-0.026245567947626114,0.2642824649810791
Gene_70,Gene_212,0.18908347189426422,0.06570316106081009,0.021799510344862938,0.28976908326148987
Gene_73,Gene_268,0.07097741961479187,0.06564198434352875,-0.07579930126667023,0.19624853134155273
Gene_98,Gene_152,0.12806347012519836,0.06546244025230408,-0.08008302003145218,0.22339993715286255
Gene_91,Gene_193,0.12074380367994308,0.06532302498817444,-0.03796336054801941,0.2573355436325073
Gene_69,Gene_203,0.20383550226688385,0.06528177112340927,0.05073445290327072,0.29147210717201233
Gene_83,Gene_226,0.2552809417247772,0.06524541229009628,0.07589532434940338,0.3297974765300751
Gene_77,Gene_267,0.03324252367019653,0.06508972495794296,-0.10243957489728928,0.17656761407852173
Gene_83,Gene_277,0.12535031139850616,0.06507597118616104,-0.0376984179019928,0.2577211260795593
Gene_84,Gene_273,0.13754108548164368,0.06481979042291641,-0.0182688869535923,0.2622431218624115
Gene_93,Gene_193,0.028234917670488358,0.06473681330680847,-0.11212336272001266,0.20522525906562805
Gene_74,Gene_133,0.020202336832880974,0.06473266333341599,-0.11669005453586578,0.18085439503192902
Gene_87,Gene_220,0.20685052871704102,0.06469801813364029,-0.005032293498516083,0.2941984534263611
Gene_99,Gene_129,0.08635684102773666,0.06468604505062103,-0.07334068417549133,0.2055061310529709
Gene_70,Gene_256,-0.009716657921671867,0.06464468687772751,-0.14432601630687714,0.12759184837341309
Gene_77,Gene_200,0.09196791052818298,0.06463925540447235,-0.02522265911102295,0.21080650389194489
Gene_69,Gene_159,0.18626831471920013,0.06449608504772186,0.014962904155254364,0.29534417390823364
Gene_84,Gene_222,0.03807614743709564,0.0641312524676323,-0.10104936361312866,0.19689026474952698
Gene_71,Gene_270,-0.04109220579266548,0.06405400484800339,-0.1995895802974701,0.10745580494403839
Gene_79,Gene_280,-0.016921674832701683,0.06399426609277725,-0.12779562175273895,0.1670408844947815
Gene_88,Gene_159,0.22476109862327576,0.06397833675146103,0.059464529156684875,0.2978591024875641
Gene_79,Gene_204,0.19052237272262573,0.06397391855716705,0.001683264970779419,0.28318628668785095
Gene_88,Gene_258,0.03242708742618561,0.06392788141965866,-0.14266666769981384,0.20643383264541626
Gene_84,Gene_230,-0.15355686843395233,0.06391321122646332,-0.267987459897995,0.008402805775403976
Gene_73,Gene_187,0.03618399798870087,0.0638120248913765,-0.09267288446426392,0.22099566459655762
Gene_67,Gene_121,0.14921873807907104,0.0633821040391922,0.02658657543361187,0.263981431722641
Gene_73,Gene_244,-0.042010411620140076,0.06337173283100128,-0.18692508339881897,0.1385139673948288
Gene_97,Gene_231,0.07941946387290955,0.06302203238010406,-0.04996700584888458,0.22499507665634155
Gene_71,Gene_199,0.10070627927780151,0.06290695071220398,-0.06863163411617279,0.2291877567768097
Gene_81,Gene_217,0.030071772634983063,0.06285165995359421,-0.09378060698509216,0.18829531967639923
Gene_77,Gene_162,0.06705498695373535,0.06274032592773438,-0.09315885603427887,0.19225472211837769
Gene_88,Gene_161,0.14402972161769867,0.06268320977687836,-0.0007714629173278809,0.2437850534915924
Gene_61,Gene_300,0.08786182850599289,0.06268075108528137,-0.04935431480407715,0.20508475601673126
Gene_64,Gene_190,0.05054565519094467,0.06243747100234032,-0.09639498591423035,0.17279347777366638
Gene_77,Gene_233,0.17718596756458282,0.06224885210394859,0.034711603075265884,0.2719038426876068
Gene_93,Gene_177,-0.006034610327333212,0.062138721346855164,-0.11689727753400803,0.11944343149662018
Gene_69,Gene_140,0.06773342937231064,0.0620487704873085,-0.1321912407875061,0.16569796204566956
Gene_77,Gene_145,0.03715217486023903,0.062022849917411804,-0.11082303524017334,0.19472689926624298
Gene_70,Gene_220,0.12994347512722015,0.06183889880776405,-0.03575518727302551,0.24158082902431488
Gene_96,Gene_151,0.16247490048408508,0.06183683127164841,-0.011578906327486038,0.26262345910072327
Gene_78,Gene_181,0.1061246246099472,0.06175965815782547,-0.08102641999721527,0.21294689178466797
Gene_77,Gene_258,-0.03897523134946823,0.06173329055309296,-0.17365702986717224,0.1219947412610054
Gene_63,Gene_263,0.12085778266191483,0.0617152638733387,-0.03391743823885918,0.24798935651779175
Gene_61,Gene_145,0.15283776819705963,0.06158393993973732,-0.009677506983280182,0.2541070282459259
Gene_88,Gene_173,0.16797113418579102,0.06103935092687607,0.016124919056892395,0.28697991371154785
Gene_67,Gene_140,0.1537758857011795,0.06103885546326637,0.0029161833226680756,0.2586648762226105
Gene_100,Gene_199,0.09795477241277695,0.0609092190861702,-0.040098171681165695,0.2475476861000061
Gene_68,Gene_179,0.10652528703212738,0.060842275619506836,-0.0639929473400116,0.24000391364097595
Gene_96,Gene_110,0.1978493630886078,0.06064451113343239,0.06295640766620636,0.2811774015426636
Gene_74,Gene_185,0.0907452404499054,0.06051106005907059,-0.03575100004673004,0.23262661695480347
Gene_93,Gene_145,0.10769296437501907,0.060319241136312485,-0.06495703756809235,0.22763702273368835
Gene_92,Gene_154,-0.01194972824305296,0.060045842081308365,-0.12930457293987274,0.1261800229549408
Gene_82,Gene_222,0.17553582787513733,0.06000667065382004,0.03600608557462692,0.2737908959388733
Gene_77,Gene_134,0.1823085993528366,0.0598415844142437,-0.00568234920501709,0.2749825716018677
Gene_82,Gene_223,-0.014605953358113766,0.05981289595365524,-0.14581964910030365,0.12654459476470947
Gene_66,Gene_102,0.09574613720178604,0.05980776995420456,-0.04531523957848549,0.2126518338918686
Gene_72,Gene_134,0.07238323986530304,0.05919869244098663,-0.06428031623363495,0.18863466382026672
Gene_74,Gene_219,0.10015706717967987,0.059106919914484024,-0.01925649493932724,0.2273288369178772
Gene_96,Gene_154,0.1132311075925827,0.0590641126036644,-0.06815040111541748,0.20511795580387115
Gene_77,Gene_133,0.09297912567853928,0.058989476412534714,-0.031431250274181366,0.23717813193798065
Gene_62,Gene_128,0.10097485780715942,0.05896313115954399,-0.06555851548910141,0.2086285948753357
Gene_73,Gene_160,0.1176900863647461,0.05880896747112274,-0.03330792486667633,0.21005772054195404
Gene_74,Gene_199,0.05433492362499237,0.05872158333659172,-0.0795309990644455,0.16369551420211792
Gene_79,Gene_222,0.18606774508953094,0.05863611772656441,0.053559619933366776,0.28034839034080505
Gene_69,Gene_129,0.045117948204278946,0.05848639830946922,-0.07221923768520355,0.18086421489715576
Gene_69,Gene_128,0.05802147835493088,0.05834117904305458,-0.08549083769321442,0.18167297542095184
Gene_88,Gene_207,-0.06315448880195618,0.058310896158218384,-0.1886340230703354,0.07555584609508514
Gene_91,Gene_185,0.09225531667470932,0.05823801830410957,-0.054672591388225555,0.22609645128250122
Gene_92,Gene_145,-0.040313541889190674,0.058071088045835495,-0.16156168282032013,0.10753046721220016
Gene_88,Gene_108,0.11387714743614197,0.05805329978466034,-0.02788294479250908,0.25757941603660583
Gene_93,Gene_128,0.12932133674621582,0.058045949786901474,-0.009589900262653828,0.22644072771072388
Gene_70,Gene_266,0.18956652283668518,0.05794324353337288,0.03595622628927231,0.2776793837547302
Gene_70,Gene_265,0.013842503540217876,0.05786576867103577,-0.11879020184278488,0.12655068933963776
Gene_93,Gene_117,0.059381917119026184,0.057864710688591,-0.05730481445789337,0.18406379222869873
Gene_62,Gene_300,0.06045049801468849,0.05769405886530876,-0.10301132500171661,0.17489439249038696
Gene_78,Gene_294,-0.15344788134098053,0.05767836421728134,-0.24994532763957977,0.0100985337048769
Gene_93,Gene_266,0.15716910362243652,0.05759532004594803,0.038249604403972626,0.2667478919029236
Gene_93,Gene_262,-0.0883181020617485,0.05750476196408272,-0.20522542297840118,0.06828423589468002
Gene_68,Gene_295,0.19102437794208527,0.05747908726334572,0.01959819532930851,0.24612614512443542
Gene_70,Gene_136,0.15555214881896973,0.05744943022727966,-0.004255484789609909,0.21973061561584473
Gene_61,Gene_132,0.25482800602912903,0.057359449565410614,0.08244137465953827,0.3038485050201416
Gene_84,Gene_289,0.16497762501239777,0.05725009739398956,-0.021867062896490097,0.2565094828605652
Gene_76,Gene_143,0.13064786791801453,0.05723918229341507,-0.005953826941549778,0.25302404165267944
Gene_85,Gene_108,0.08437822759151459,0.0571792908012867,-0.06476248800754547,0.2076495885848999
Gene_71,Gene_149,0.10895214974880219,0.05695636570453644,-0.03969118744134903,0.20188581943511963
Gene_85,Gene_187,0.03258636221289635,0.05685368552803993,-0.06890609860420227,0.17983867228031158
Gene_93,Gene_223,0.019472869113087654,0.05685046315193176,-0.14841563999652863,0.13404227793216705
Gene_99,Gene_242,0.062495626509189606,0.05670749396085739,-0.108829565346241,0.16680778563022614
Gene_62,Gene_268,-0.1646520346403122,0.05667903274297714,-0.24428129196166992,0.008136875927448273
Gene_69,Gene_279,0.08425967395305634,0.0564703643321991,-0.11765323579311371,0.1740862876176834
Gene_79,Gene_273,0.20615600049495697,0.05639766901731491,0.07931682467460632,0.3058927059173584
Gene_100,Gene_208,0.18044689297676086,0.056166041642427444,0.015142181888222694,0.26463669538497925
Gene_69,Gene_300,-0.12062150985002518,0.056148428469896317,-0.23491261899471283,0.005357861518859863
Gene_79,Gene_242,0.1546279340982437,0.05610920861363411,0.017427872866392136,0.2742922008037567
Gene_66,Gene_280,0.08679322898387909,0.056075580418109894,-0.044526051729917526,0.20213237404823303
Gene_87,Gene_243,0.24295495450496674,0.056035365909338,0.0509285107254982,0.30209314823150635
Gene_93,Gene_229,0.09155615419149399,0.05592445656657219,-0.009089905768632889,0.2262132465839386
Gene_71,Gene_219,0.14524278044700623,0.055901117622852325,-0.007345646619796753,0.2631394565105438
Gene_71,Gene_222,0.057751696556806564,0.05586957558989525,-0.0709567442536354,0.18836650252342224
Gene_88,Gene_297,0.06255674362182617,0.05570392683148384,-0.06608331203460693,0.2133673131465912
Gene_68,Gene_244,-0.06387144327163696,0.055387940257787704,-0.18412664532661438,0.10326580703258514
Gene_68,Gene_257,0.20151536166667938,0.05528619512915611,0.041267279535532,0.27940142154693604
Gene_83,Gene_239,-0.040269285440444946,0.05518938601016998,-0.14888611435890198,0.12663036584854126
Gene_90,Gene_250,0.09256330877542496,0.055085618048906326,-0.05963820219039917,0.20055076479911804
Gene_81,Gene_221,-0.012304551899433136,0.05503412336111069,-0.11799529939889908,0.13828147947788239
Gene_86,Gene_194,0.19294795393943787,0.05485030636191368,0.049073606729507446,0.2844012379646301
Gene_69,Gene_281,-0.1689392626285553,0.05482092127203941,-0.26611578464508057,-0.023505279794335365
Gene_83,Gene_207,0.1137017086148262,0.054758790880441666,0.0016240067780017853,0.22796903550624847
Gene_83,Gene_145,0.17619070410728455,0.05474875494837761,0.062343135476112366,0.2887798547744751
Gene_77,Gene_283,0.004682762082666159,0.05463968217372894,-0.10249760746955872,0.11118003726005554
Gene_71,Gene_108,0.1499936878681183,0.0546245314180851,0.004264116287231445,0.21805989742279053
Gene_96,Gene_231,0.12518522143363953,0.054519444704055786,-0.014610406011343002,0.24026940762996674
Gene_74,Gene_183,0.19054147601127625,0.05447816848754883,0.05363434553146362,0.27380916476249695
Gene_68,Gene_239,0.15283961594104767,0.05434415116906166,0.03607882559299469,0.2710139751434326
Gene_90,Gene_275,-0.005430526565760374,0.05429559946060181,-0.14676393568515778,0.11717015504837036
Gene_83,Gene_114,-0.0670950636267662,0.05376420542597771,-0.1942601054906845,0.05428823083639145
Gene_76,Gene_145,0.05296800658106804,0.053694240748882294,-0.0760197713971138,0.1996343731880188
Gene_72,Gene_201,0.15698230266571045,0.05368681624531746,-0.01875384896993637,0.24344974756240845
Gene_61,Gene_277,0.2128428965806961,0.05367840826511383,0.020242325961589813,0.27793097496032715
Gene_82,Gene_216,0.023641064763069153,0.05364671349525452,-0.11080939322710037,0.11631849408149719
Gene_80,Gene_151,0.11260246485471725,0.05358203873038292,-0.006100209429860115,0.22065554559230804
Gene_65,Gene_158,0.14804157614707947,0.05344861373305321,0.008095640689134598,0.26798874139785767
Gene_90,Gene_158,-0.031197452917695045,0.05344392731785774,-0.18623270094394684,0.09682444483041763
Gene_83,Gene_236,0.18676342070102692,0.05331631749868393,0.020336726680397987,0.24955442547798157
Gene_88,Gene_263,0.20797494053840637,0.053244251757860184,0.019183963537216187,0.28627005219459534
Gene_61,Gene_181,-0.032387446612119675,0.05317382887005806,-0.1322062462568283,0.09722618013620377
Gene_71,Gene_276,0.10522705316543579,0.05316215008497238,-0.02142205275595188,0.18740969896316528
Gene_82,Gene_179,0.19815132021903992,0.05312781408429146,0.060210131108760834,0.2954258918762207
Gene_81,Gene_290,0.0788469910621643,0.053096625953912735,-0.06206618249416351,0.18939512968063354
Gene_79,Gene_237,0.14618732035160065,0.05307909846305847,-0.037814512848854065,0.2137329876422882
Gene_73,Gene_239,0.12308032810688019,0.05299985781311989,-0.0058334991335868835,0.23762963712215424
Gene_95,Gene_145,0.017158158123493195,0.05292588099837303,-0.12237321585416794,0.13579264283180237
Gene_74,Gene_267,0.15100958943367004,0.05290085822343826,-0.01660144329071045,0.2406509816646576
Gene_92,Gene_299,0.21865978837013245,0.05289512872695923,0.07514559477567673,0.2813820540904999
Gene_70,Gene_184,0.1653892546892166,0.05281824991106987,0.03202018141746521,0.27002161741256714
Gene_63,Gene_219,0.1624031513929367,0.052749477326869965,0.012941894121468067,0.261381596326828
Gene_61,Gene_260,0.24926646053791046,0.05264933779835701,0.07181446254253387,0.3057539463043213
Gene_93,Gene_281,0.09614261984825134,0.052619073539972305,-0.03320934250950813,0.2097688615322113
Gene_93,Gene_232,-0.08619308471679688,0.05261359363794327,-0.17334775626659393,0.07524840533733368
Gene_72,Gene_231,0.16189715266227722,0.05260109156370163,0.029157718643546104,0.2618202567100525
Gene_79,Gene_221,-0.08652324229478836,0.05231748893857002,-0.21529754996299744,0.017101500183343887
Gene_93,Gene_132,0.2446284145116806,0.05224467068910599,0.07451783865690231,0.29278096556663513
Gene_88,Gene_194,0.09820206463336945,0.05224404111504555,-0.06906412541866302,0.18216313421726227
Gene_88,Gene_131,0.24699899554252625,0.05218232050538063,0.08536280691623688,0.31067630648612976
Gene_64,Gene_197,0.27392831444740295,0.05213019624352455,0.0850260853767395,0.3265720009803772
Gene_74,Gene_198,0.18570153415203094,0.05206018313765526,0.05582889914512634,0.2934311032295227
Gene_88,Gene_140,0.11527620255947113,0.052058592438697815,-0.024353336542844772,0.19830918312072754
Gene_69,Gene_243,0.16197896003723145,0.05194708704948425,-0.020679455250501633,0.21699918806552887
Gene_83,Gene_274,0.2075658142566681,0.05188402906060219,0.07199990004301071,0.281667560338974
Gene_100,Gene_108,0.097359299659729,0.05187408998608589,-0.06300245225429535,0.19370311498641968
Gene_78,Gene_225,0.18295393884181976,0.05181046947836876,0.011992864310741425,0.25698915123939514
Gene_97,Gene_125,0.006415786687284708,0.051590513437986374,-0.11732158064842224,0.16181981563568115
Gene_91,Gene_217,0.14375607669353485,0.051492538303136826,0.023449590429663658,0.2526613771915436
Gene_74,Gene_140,0.17342215776443481,0.05147605761885643,0.02797797881066799,0.2834511995315552
Gene_62,Gene_196,0.2536660432815552,0.051466669887304306,0.0990825742483139,0.31963983178138733
Gene_77,Gene_287,0.2346247434616089,0.05137820914387703,0.08114314079284668,0.29880139231681824
Gene_73,Gene_128,0.1029624193906784,0.05128389224410057,-0.015627309679985046,0.21694740653038025
Gene_69,Gene_207,0.06766301393508911,0.051138680428266525,-0.0583348274230957,0.1776435524225235
Gene_69,Gene_283,-0.070180743932724,0.05112360417842865,-0.204009011387825,0.039655838161706924
Gene_70,Gene_258,-0.0494966059923172,0.051106687635183334,-0.17750483751296997,0.0637153685092926
Gene_93,Gene_174,0.059508584439754486,0.051055654883384705,-0.09419023245573044,0.16691982746124268
Gene_77,Gene_239,0.1455356627702713,0.050999995321035385,0.04937107115983963,0.24750147759914398
Gene_93,Gene_113,0.17568814754486084,0.050867971032857895,0.033634841442108154,0.2635909914970398
Gene_98,Gene_242,-0.03229909390211105,0.050860121846199036,-0.16198432445526123,0.09537365287542343
Gene_70,Gene_199,0.027037598192691803,0.0506967157125473,-0.08032850176095963,0.13876491785049438
Gene_64,Gene_121,0.025729862973093987,0.05053415521979332,-0.09370121359825134,0.1494886726140976
Gene_93,Gene_101,0.09813829511404037,0.050499796867370605,-0.010604023933410645,0.18963152170181274
Gene_91,Gene_158,0.035970184952020645,0.05037948116660118,-0.11243175715208054,0.14948460459709167
Gene_71,Gene_173,0.10183565318584442,0.050243575125932693,-0.052613623440265656,0.19056861102581024
Gene_88,Gene_137,0.22242803871631622,0.05005960166454315,0.023369289934635162,0.26904043555259705
Gene_78,Gene_133,0.02769617922604084,0.05003063380718231,-0.08804375678300858,0.17128510773181915
Gene_81,Gene_279,-0.0394967757165432,0.0500183068215847,-0.12616370618343353,0.12177519500255585
Gene_88,Gene_129,0.10659223794937134,0.049826499074697495,-0.007185101509094238,0.22067584097385406
Gene_74,Gene_138,-0.05216333642601967,0.0497208870947361,-0.17344357073307037,0.08856527507305145
Gene_70,Gene_242,0.14445848762989044,0.049676138907670975,0.0324203297495842,0.2657211422920227
Gene_85,Gene_185,0.024733921512961388,0.04955075681209564,-0.10332325100898743,0.15765029191970825
Gene_61,Gene_163,0.07334595173597336,0.04955001547932625,-0.04678749293088913,0.19178159534931183
Gene_94,Gene_134,0.13521113991737366,0.04949570074677467,0.010429922491312027,0.2340317964553833
Gene_62,Gene_257,0.04961283504962921,0.049366384744644165,-0.0807386040687561,0.1803901493549347
Gene_65,Gene_132,0.264838308095932,0.04933411628007889,0.049238018691539764,0.30879878997802734
Gene_61,Gene_119,0.1799328327178955,0.04930118843913078,0.06873245537281036,0.25279873609542847
Gene_93,Gene_287,0.18849410116672516,0.049281999468803406,0.05727663263678551,0.2598504424095154
Gene_98,Gene_257,0.16289466619491577,0.049217186868190765,-0.010205831378698349,0.2271970808506012
Gene_87,Gene_150,0.26759931445121765,0.04918728023767471,0.0954161062836647,0.30976834893226624
Gene_89,Gene_108,0.07265934348106384,0.04901723191142082,-0.042596280574798584,0.21355584263801575
Gene_70,Gene_183,0.14229527115821838,0.04883892089128494,0.03154300898313522,0.27065014839172363
Gene_68,Gene_205,0.1581762731075287,0.04871532693505287,0.019225893542170525,0.2147451788187027
Gene_71,Gene_145,0.1418972760438919,0.04830628260970116,-0.0011093877255916595,0.25104397535324097
Gene_100,Gene_256,-0.06434044241905212,0.04826068878173828,-0.1798379272222519,0.07064112275838852
Gene_89,Gene_102,-0.10200818628072739,0.04823474958539009,-0.20338359475135803,0.021497081965208054
Gene_99,Gene_285,0.20675213634967804,0.04803651571273804,0.045757219195365906,0.26675358414649963
Gene_71,Gene_103,0.03281937912106514,0.04795786365866661,-0.09468004107475281,0.17795224487781525
Gene_74,Gene_243,0.2639974057674408,0.04795317351818085,0.11205466091632843,0.3098921477794647
Gene_93,Gene_275,0.1672135889530182,0.04793647676706314,0.030811108648777008,0.23000147938728333
Gene_83,Gene_202,-0.1039973720908165,0.04757511988282204,-0.20711031556129456,0.023359376937150955
Gene_69,Gene_149,0.17001977562904358,0.04751890152692795,0.051384348422288895,0.26271218061447144
Gene_88,Gene_148,0.07712861895561218,0.047433264553546906,-0.04340619966387749,0.19415463507175446
Gene_61,Gene_149,0.11537031084299088,0.04738039895892143,-0.019958224147558212,0.20959140360355377
Gene_88,Gene_256,0.026427382603287697,0.04734781011939049,-0.13536344468593597,0.14196965098381042
Gene_100,Gene_212,0.1579580456018448,0.04732498526573181,0.0005938448011875153,0.2372165322303772
Gene_73,Gene_230,-0.10930328816175461,0.04731826111674309,-0.19176380336284637,0.009334915317595005
Gene_62,Gene_148,0.17006024718284607,0.04710591211915016,0.005877935327589512,0.255647212266922
Gene_82,Gene_190,0.13622257113456726,0.047101739794015884,0.026833903044462204,0.2528289556503296
Gene_65,Gene_191,-0.0081685371696949,0.0471002422273159,-0.1153273954987526,0.13478532433509827
Gene_62,Gene_284,-0.12532304227352142,0.04709852486848831,-0.21236124634742737,0.016535857692360878
Gene_74,Gene_229,-0.028972644358873367,0.04706288129091263,-0.13273800909519196,0.09792272001504898
Gene_83,Gene_283,0.02962392382323742,0.04693024605512619,-0.10892072319984436,0.14030319452285767
Gene_95,Gene_143,0.16954314708709717,0.04680127277970314,0.024774350225925446,0.23894651234149933
Gene_81,Gene_183,0.16984637081623077,0.04673854261636734,0.045836616307497025,0.26467081904411316
Gene_92,Gene_258,0.12404655665159225,0.046724822372198105,0.005510536953806877,0.20859819650650024
Gene_92,Gene_159,0.06034277752041817,0.04657258465886116,-0.04437147453427315,0.1856136918067932
Gene_79,Gene_268,-0.0036761723458766937,0.04636119306087494,-0.11237917840480804,0.13390985131263733
Gene_83,Gene_254,0.15204572677612305,0.04613819718360901,0.016886431723833084,0.21216566860675812
Gene_70,Gene_279,0.1946103870868683,0.04609330743551254,0.059751711785793304,0.27718690037727356
Gene_97,Gene_162,-0.08624739199876785,0.04608437046408653,-0.18017755448818207,0.03060366027057171
Gene_89,Gene_185,-0.010213090106844902,0.04608198627829552,-0.11165310442447662,0.12259998172521591
Gene_70,Gene_218,0.24783794581890106,0.04607478156685829,0.09799227118492126,0.3044418692588806
Gene_91,Gene_290,0.13808991014957428,0.045883629471063614,0.015938187018036842,0.21091590821743011
Gene_93,Gene_134,0.16833992302417755,0.04577305540442467,0.04075172170996666,0.25680631399154663
Gene_98,Gene_183,0.09746354818344116,0.045751795172691345,-0.02190115675330162,0.18795427680015564
Gene_98,Gene_154,0.21057333052158356,0.04572244733572006,0.0682942271232605,0.262540727853775
Gene_69,Gene_106,0.17289122939109802,0.04570930451154709,0.07889403402805328,0.2742968201637268
Gene_93,Gene_237,0.19840116798877716,0.04552193731069565,0.0752115473151207,0.2809251546859741
Gene_80,Gene_185,0.04832826182246208,0.045456476509571075,-0.09736299514770508,0.1567951887845993
Gene_79,Gene_126,0.20999130606651306,0.0453965999186039,0.1077723354101181,0.2920047342777252
Gene_84,Gene_280,0.11844452470541,0.04528097063302994,0.003282509744167328,0.21414373815059662
Gene_77,Gene_191,0.16717779636383057,0.04525613784790039,-0.008141826838254929,0.23330442607402802
Gene_65,Gene_279,0.11895022541284561,0.04515625163912773,-0.006137281656265259,0.20160366594791412
Gene_73,Gene_215,0.139725923538208,0.04498020187020302,0.005840102210640907,0.207203209400177
Gene_82,Gene_243,0.18522565066814423,0.044939640909433365,0.0343753844499588,0.24706515669822693
Gene_69,Gene_177,0.200821653008461,0.04490402340888977,0.10443542152643204,0.29443857073783875
Gene_71,Gene_204,-0.039070311933755875,0.04486249014735222,-0.14106044173240662,0.10515200346708298
Gene_100,Gene_268,0.17857670783996582,0.04484684765338898,-0.0007544131949543953,0.24735690653324127
Gene_80,Gene_267,0.10666899383068085,0.04459044337272644,-0.0011382661759853363,0.22478333115577698
Gene_82,Gene_253,0.22993236780166626,0.044583238661289215,0.09312880039215088,0.3076626658439636
Gene_69,Gene_139,0.13602010905742645,0.044538598507642746,0.00823679193854332,0.20712994039058685
Gene_93,Gene_133,0.1837305873632431,0.04451839625835419,0.08639702200889587,0.26943159103393555
Gene_77,Gene_199,0.134210005402565,0.04431084915995598,-0.0089612677693367,0.23836660385131836
Gene_74,Gene_212,0.185651957988739,0.0442110113799572,0.06681011617183685,0.2795788049697876
Gene_90,Gene_288,0.12483171373605728,0.04419038072228432,-0.005548564717173576,0.2112041860818863
Gene_74,Gene_134,0.028470676392316818,0.04407438635826111,-0.07041006535291672,0.1801966428756714
Gene_78,Gene_190,0.19544540345668793,0.04405226558446884,0.08583034574985504,0.2531123161315918
Gene_100,Gene_300,0.1840354949235916,0.044050853699445724,0.029698165133595467,0.25057294964790344
Gene_67,Gene_294,0.18068765103816986,0.043966587632894516,0.09333807229995728,0.26967746019363403
Gene_93,Gene_180,0.20010046660900116,0.04388740286231041,0.062368642538785934,0.24937550723552704
Gene_84,Gene_111,0.24900564551353455,0.04386387765407562,0.07605510950088501,0.28809064626693726
Gene_96,Gene_181,0.16755831241607666,0.043848007917404175,0.017895590513944626,0.24409417808055878
Gene_94,Gene_121,0.23698538541793823,0.04377210885286331,0.11221463978290558,0.28961679339408875
Gene_83,Gene_204,0.06397020071744919,0.04374980181455612,-0.04860071837902069,0.14642009139060974
Gene_71,Gene_300,0.07066477835178375,0.04365112632513046,-0.04343326762318611,0.18998803198337555
Gene_63,Gene_243,-0.021739104762673378,0.0435289591550827,-0.14124323427677155,0.09236512333154678
Gene_83,Gene_221,0.1590251475572586,0.043508850038051605,0.04783659800887108,0.25127464532852173
Gene_69,Gene_260,0.16891470551490784,0.04314048960804939,0.07203550636768341,0.230086088180542
Gene_93,Gene_158,0.08076739311218262,0.04309985786676407,-0.05932579189538956,0.17821434140205383
Gene_67,Gene_179,0.20930108428001404,0.043076496571302414,0.06274676322937012,0.2656008303165436
Gene_76,Gene_199,0.18772034347057343,0.04306521266698837,0.06267330050468445,0.28324875235557556
Gene_74,Gene_283,0.17447429895401,0.042832233011722565,0.061808086931705475,0.2554429769515991
Gene_78,Gene_103,0.06331707537174225,0.04270036891102791,-0.04971490800380707,0.1522292047739029
Gene_91,Gene_232,0.15713530778884888,0.0424649752676487,0.007398184388875961,0.2380504608154297
Gene_66,Gene_180,0.13062454760074615,0.042421407997608185,0.02308192104101181,0.2228100746870041
Gene_79,Gene_147,0.1598632037639618,0.04235362634062767,0.036799781024456024,0.23889340460300446
Gene_65,Gene_243,0.10800501704216003,0.04231848940253258,-0.02105172723531723,0.19599467515945435
Gene_91,Gene_233,0.2179068624973297,0.042128000408411026,0.10257238149642944,0.28669053316116333
Gene_77,Gene_193,0.1270553320646286,0.04207966476678848,0.020699281245470047,0.21838219463825226
Gene_68,Gene_154,-0.11838401854038239,0.041853904724121094,-0.19436046481132507,-0.0218904260545969
Gene_68,Gene_242,0.21408118307590485,0.04154282063245773,0.0843857154250145,0.280098021030426
Gene_73,Gene_297,0.01420498639345169,0.04139358177781105,-0.0876336395740509,0.12563161551952362
Gene_74,Gene_102,0.038899097591638565,0.04137266427278519,-0.0649995431303978,0.14223501086235046
Gene_66,Gene_119,0.07525034993886948,0.04131362959742546,-0.05587879568338394,0.1805238127708435
Gene_85,Gene_287,0.08324959129095078,0.0412653349339962,-0.025856968015432358,0.17803816497325897
Gene_100,Gene_102,0.22181101143360138,0.041095394641160965,0.04771992564201355,0.2880823612213135
Gene_93,Gene_243,0.23292706906795502,0.040910542011260986,0.08585450053215027,0.29320552945137024
Gene_83,Gene_220,0.18316352367401123,0.04064658656716347,0.02234491892158985,0.24338005483150482
Gene_80,Gene_117,0.2324376106262207,0.04061025008559227,0.1098465621471405,0.29077133536338806
Gene_92,Gene_140,0.2384459525346756,0.04037037119269371,0.1238490492105484,0.2922897934913635
Gene_64,Gene_187,0.09719248116016388,0.04036663472652435,-0.031803298741579056,0.17316210269927979
Gene_68,Gene_202,0.16778582334518433,0.04020266607403755,0.06950845569372177,0.24197635054588318
Gene_74,Gene_193,0.18599505722522736,0.040094830095767975,0.09486144781112671,0.271811306476593
Gene_89,Gene_189,-0.0011208009673282504,0.04006793349981308,-0.11156207323074341,0.11351366341114044
Gene_97,Gene_220,0.22696959972381592,0.03996061533689499,0.10144330561161041,0.2868606746196747
Gene_74,Gene_189,0.023658879101276398,0.03976847603917122,-0.08455780893564224,0.10681366920471191
Gene_93,Gene_212,0.22575844824314117,0.03973296284675598,0.10413359105587006,0.272447407245636
Gene_74,Gene_187,0.19889508187770844,0.03972862288355827,0.10503171384334564,0.28307831287384033
Gene_96,Gene_261,0.28595930337905884,0.03972586244344711,0.14188754558563232,0.3206157982349396
Gene_64,Gene_286,0.1683093160390854,0.03952135518193245,0.07763952761888504,0.23584739863872528
Gene_98,Gene_121,0.13998638093471527,0.03951504826545715,0.04527651146054268,0.2355036586523056
Gene_79,Gene_179,0.2084372490644455,0.03945719450712204,0.0943327322602272,0.2948375940322876
Gene_93,Gene_106,0.17812496423721313,0.03934110328555107,0.06387263536453247,0.23189149796962738
Gene_79,Gene_292,0.22149832546710968,0.039336077868938446,0.09767556190490723,0.2933596074581146
Gene_74,Gene_290,-0.16158956289291382,0.03897684067487717,-0.23229512572288513,-0.005463477224111557
Gene_72,Gene_198,-0.026248749345541,0.03895622864365578,-0.14153915643692017,0.10151956975460052
Gene_71,Gene_207,0.21057024598121643,0.03890133649110794,0.10496381670236588,0.28215327858924866
Gene_74,Gene_117,0.166608989238739,0.03885810449719429,0.0689573585987091,0.2603207230567932
Gene_69,Gene_158,0.12993201613426208,0.03872569277882576,0.042557619512081146,0.1970725953578949
Gene_74,Gene_162,0.15819591283798218,0.038712430745363235,0.05793031305074692,0.24428465962409973
Gene_61,Gene_178,0.17807379364967346,0.038656365126371384,0.06841140240430832,0.2326897382736206
Gene_93,Gene_219,-0.09084556251764297,0.03849068656563759,-0.17139053344726562,0.004057256504893303
Gene_79,Gene_110,0.2299608737230301,0.03835016489028931,0.10827426612377167,0.28465935587882996
Gene_76,Gene_250,0.20527057349681854,0.038197316229343414,0.08389171957969666,0.27556636929512024
Gene_69,Gene_234,0.2529463768005371,0.0381663478910923,0.09721142053604126,0.2912818193435669
Gene_72,Gene_283,0.10509451478719711,0.0378776490688324,-0.023603584617376328,0.20654621720314026
Gene_88,Gene_282,0.20156297087669373,0.03781158849596977,0.0978979617357254,0.2600603699684143
Gene_79,Gene_190,0.19665545225143433,0.03743259608745575,0.08930034935474396,0.2737789452075958
Gene_70,Gene_284,0.1884765923023224,0.0374048613011837,0.01915200799703598,0.2528141140937805
Gene_70,Gene_289,0.24743632972240448,0.03734378144145012,0.12027657777070999,0.30135220289230347
Gene_71,Gene_286,0.14102979004383087,0.037243109196424484,0.04740254953503609,0.22536644339561462
Gene_69,Gene_297,0.21020081639289856,0.037206243723630905,0.0907534509897232,0.27753663063049316
Gene_84,Gene_178,0.23622779548168182,0.03673125058412552,0.13861776888370514,0.29125910997390747
Gene_99,Gene_299,0.231208935379982,0.03671066835522652,0.13031084835529327,0.2883029580116272
Gene_71,Gene_289,0.24329626560211182,0.036582838743925095,0.105230413377285,0.29293152689933777
Gene_69,Gene_254,0.21657592058181763,0.0364302396774292,0.09455220401287079,0.28393295407295227
Gene_76,Gene_147,0.17004482448101044,0.036390725523233414,0.04655766487121582,0.2359725534915924
Gene_76,Gene_114,0.18674542009830475,0.036197397857904434,0.054922230541706085,0.23722057044506073
Gene_72,Gene_262,0.13835842907428741,0.036177441477775574,0.01579669490456581,0.21464167535305023
Gene_93,Gene_175,0.2173619270324707,0.03617396950721741,0.09507937729358673,0.2713092863559723
Gene_71,Gene_140,0.248906210064888,0.035998232662677765,0.13434912264347076,0.31170472502708435
Gene_91,Gene_234,0.13494069874286652,0.03584803640842438,-0.005137495696544647,0.21621204912662506
Gene_84,Gene_190,0.2630184292793274,0.03578783944249153,0.12422999739646912,0.3036864995956421
Gene_83,Gene_163,0.09958826750516891,0.035648029297590256,-0.016264773905277252,0.209250345826149
Gene_68,Gene_289,0.14356769621372223,0.03562382236123085,0.049781084060668945,0.21746446192264557
Gene_62,Gene_231,0.22800643742084503,0.035279281437397,0.08848719298839569,0.2836926281452179
Gene_70,Gene_247,0.18957926332950592,0.03517851233482361,0.09208410233259201,0.26289165019989014
Gene_74,Gene_287,0.2568237781524658,0.03483692929148674,0.15668559074401855,0.31313443183898926
Gene_80,Gene_236,0.2417646050453186,0.03468836843967438,0.1432981938123703,0.2953663468360901
Gene_89,Gene_283,0.03939423710107803,0.0345606692135334,-0.03631015121936798,0.14731301367282867
Gene_71,Gene_211,0.27537691593170166,0.03444287180900574,0.1566641628742218,0.3195056617259979
Gene_79,Gene_203,0.07857953757047653,0.03413674235343933,-0.028054852038621902,0.1649424135684967
Gene_71,Gene_229,0.23182299733161926,0.034065406769514084,0.12066837400197983,0.29300928115844727
Gene_71,Gene_189,0.2506479322910309,0.034015756100416183,0.12318678200244904,0.2945307195186615
Gene_82,Gene_138,0.24428094923496246,0.033920228481292725,0.13964495062828064,0.29057446122169495
Gene_97,Gene_262,0.15463519096374512,0.03354905918240547,0.027237828820943832,0.23763005435466766
Gene_68,Gene_225,0.19888614118099213,0.03324718400835991,0.10344506800174713,0.24625851213932037
Gene_93,Gene_274,0.2014676183462143,0.03317628055810928,0.09630999714136124,0.2678472697734833
Gene_88,Gene_171,0.2923068404197693,0.03314376249909401,0.13893750309944153,0.31740114092826843
Gene_86,Gene_285,0.207057386636734,0.03297757729887962,0.10973621904850006,0.2675359845161438
Gene_85,Gene_128,0.06634406000375748,0.032923340797424316,-0.01812317594885826,0.17478322982788086
Gene_85,Gene_178,0.2239113450050354,0.03286514803767204,0.14149093627929688,0.2926129698753357
Gene_66,Gene_244,0.1386941522359848,0.03285529837012291,0.01519994717091322,0.20267349481582642
Gene_70,Gene_229,0.2444884032011032,0.03283921629190445,0.11198267340660095,0.2867952585220337
Gene_61,Gene_166,0.18605685234069824,0.03264181315898895,0.0820910707116127,0.2347261756658554
Gene_71,Gene_279,0.2370816320180893,0.031634941697120667,0.12922430038452148,0.2994203567504883
Gene_74,Gene_233,0.21157769858837128,0.031518176198005676,0.10403677821159363,0.26943525671958923
Gene_61,Gene_265,0.11677421629428864,0.031455423682928085,0.03021850623190403,0.1960778683423996
Gene_79,Gene_274,0.1605730950832367,0.0314476378262043,0.04374481737613678,0.21305936574935913
Gene_84,Gene_221,-0.1705610305070877,0.031197169795632362,-0.2488509863615036,-0.08196654915809631
Gene_80,Gene_224,0.23707357048988342,0.03101409412920475,0.11871790885925293,0.28193286061286926
Gene_81,Gene_136,0.19618719816207886,0.030789148062467575,0.08663801848888397,0.24189142882823944
Gene_84,Gene_137,0.20495736598968506,0.03076986037194729,0.09388379007577896,0.24514831602573395
Gene_65,Gene_165,0.24892538785934448,0.030738184228539467,0.15589724481105804,0.2935393750667572
Gene_79,Gene_252,0.278641015291214,0.030674392357468605,0.18210753798484802,0.3184913396835327
Gene_93,Gene_273,0.1381112039089203,0.030302638188004494,0.03971656411886215,0.20331920683383942
Gene_73,Gene_179,0.24149376153945923,0.03026684932410717,0.143396258354187,0.2859538495540619
Gene_79,Gene_277,0.17311355471611023,0.030201531946659088,0.08889805525541306,0.21903051435947418
Gene_93,Gene_253,0.16205114126205444,0.03019893355667591,0.06810258328914642,0.2231825441122055
Gene_93,Gene_151,0.21669064462184906,0.03019867278635502,0.09826827049255371,0.2658783197402954
Gene_65,Gene_195,0.22642254829406738,0.03005344420671463,0.08648049831390381,0.25921356678009033
Gene_70,Gene_110,0.20743994414806366,0.029855363070964813,0.1280198097229004,0.2666829228401184
Gene_89,Gene_230,0.18084588646888733,0.029790939763188362,0.0906601995229721,0.24595144391059875
Gene_77,Gene_177,0.16664382815361023,0.029711144044995308,0.04981030151247978,0.21344178915023804
Gene_76,Gene_243,0.25951647758483887,0.02965371496975422,0.14869442582130432,0.2987022399902344
Gene_83,Gene_299,0.19687768816947937,0.029333774000406265,0.10304880142211914,0.2330070585012436
Gene_76,Gene_167,0.22350966930389404,0.02924419939517975,0.1370866894721985,0.26720723509788513
Gene_93,Gene_138,0.17180834710597992,0.02922063134610653,0.07702937722206116,0.22901977598667145
Gene_68,Gene_294,0.22526861727237701,0.029214387759566307,0.12998086214065552,0.2853904962539673
Gene_79,Gene_174,0.20413357019424438,0.029099343344569206,0.11722813546657562,0.26157790422439575
Gene_69,Gene_263,0.24993957579135895,0.02907249890267849,0.1531769186258316,0.3006567060947418
Gene_87,Gene_232,0.12447042018175125,0.028852351009845734,0.037876881659030914,0.18638640642166138
Gene_69,Gene_270,0.24301475286483765,0.028690708801150322,0.15785518288612366,0.2996498942375183
Gene_93,Gene_185,0.22504454851150513,0.028529297560453415,0.12070569396018982,0.2753251791000366
Gene_95,Gene_173,0.22442954778671265,0.028520995751023293,0.12775960564613342,0.2703079879283905
Gene_82,Gene_119,0.18974944949150085,0.028380539268255234,0.084447480738163,0.2559856176376343
Gene_71,Gene_220,0.22690139710903168,0.028257688507437706,0.15622755885124207,0.28647658228874207
Gene_83,Gene_294,0.18488354980945587,0.028203455731272697,0.0763564184308052,0.2581534683704376
Gene_65,Gene_126,0.22326363623142242,0.02815891243517399,0.1343492567539215,0.2715449929237366
Gene_79,Gene_152,0.20604538917541504,0.0280451700091362,0.12444117665290833,0.2626080811023712
Gene_69,Gene_178,0.2729354202747345,0.027889596298336983,0.19383227825164795,0.3109053373336792
Gene_93,Gene_163,0.2336050271987915,0.027642760425806046,0.13644906878471375,0.27975061535835266
Gene_93,Gene_183,0.1294039487838745,0.027025241404771805,0.0496961772441864,0.2140757441520691
Gene_86,Gene_250,0.22789955139160156,0.02702503465116024,0.14770466089248657,0.27661705017089844
Gene_87,Gene_249,0.21466943621635437,0.026989003643393517,0.11837592720985413,0.24336092174053192
Gene_79,Gene_191,0.2621367871761322,0.02695656754076481,0.1661836951971054,0.2955285608768463
Gene_87,Gene_256,-0.07033830881118774,0.026923436671495438,-0.14420810341835022,0.016195200383663177
Gene_90,Gene_127,0.21564815938472748,0.026875216513872147,0.1198234111070633,0.2658994197845459
Gene_77,Gene_143,0.1463349610567093,0.026859579607844353,0.04440680891275406,0.19994226098060608
Gene_99,Gene_236,0.24435067176818848,0.026811951771378517,0.16013258695602417,0.2818591594696045
Gene_100,Gene_288,0.21863438189029694,0.026694023981690407,0.12412287294864655,0.26031413674354553
Gene_73,Gene_181,0.2458866834640503,0.026565229520201683,0.14073991775512695,0.2869010865688324
Gene_68,Gene_132,0.19719703495502472,0.02647891454398632,0.08750936388969421,0.23099836707115173
Gene_100,Gene_140,0.24870306253433228,0.026177814230322838,0.1333305388689041,0.2890603542327881
Gene_79,Gene_285,0.15764792263507843,0.026039782911539078,0.07701711356639862,0.2112235277891159
Gene_93,Gene_203,0.16129742562770844,0.02601439692080021,0.0577910952270031,0.21071027219295502
Gene_69,Gene_101,0.1910770982503891,0.025605961680412292,0.10603459179401398,0.2552452087402344
Gene_99,Gene_166,0.26455146074295044,0.024840200319886208,0.15436165034770966,0.29688477516174316
Gene_78,Gene_270,0.21530655026435852,0.024572905153036118,0.1336224526166916,0.25600096583366394
Gene_100,Gene_165,0.25638115406036377,0.024532755836844444,0.1354493349790573,0.29048383235931396
Gene_67,Gene_256,0.15922781825065613,0.024417927488684654,0.09427941590547562,0.21448099613189697
Gene_88,Gene_264,0.22598740458488464,0.024164428934454918,0.14409303665161133,0.28488126397132874
Gene_77,Gene_288,0.22477728128433228,0.024066373705863953,0.131175234913826,0.26299360394477844
Gene_69,Gene_132,0.1968270242214203,0.023908494040369987,0.11024075001478195,0.23817498981952667
Gene_79,Gene_114,0.24921536445617676,0.023770930245518684,0.12848655879497528,0.287723571062088
Gene_72,Gene_194,0.2509421110153198,0.023212023079395294,0.1486501544713974,0.283178448677063
Gene_78,Gene_117,0.21198299527168274,0.0228766817599535,0.09703242033720016,0.25060707330703735
Gene_70,Gene_125,0.2845149040222168,0.022706398740410805,0.1598057746887207,0.32182496786117554
Gene_69,Gene_223,0.25567102432250977,0.02224743925035,0.18434743583202362,0.2892778217792511
Gene_69,Gene_276,0.24400152266025543,0.022076571360230446,0.14223261177539825,0.2793005704879761
Gene_77,Gene_251,0.29593658447265625,0.022038757801055908,0.2229669690132141,0.32500332593917847
Gene_64,Gene_273,0.23247858881950378,0.021991517394781113,0.1612769514322281,0.26518896222114563
Gene_93,Gene_214,0.20353282988071442,0.02177119441330433,0.10333406925201416,0.24747495353221893
Gene_87,Gene_218,0.24745117127895355,0.021678095683455467,0.17478565871715546,0.28735798597335815
Gene_69,Gene_208,0.2863183915615082,0.021359359845519066,0.20138397812843323,0.3081933259963989
Gene_94,Gene_150,0.25157415866851807,0.021359091624617577,0.17398375272750854,0.280677855014801
Gene_68,Gene_272,0.1911606341600418,0.021313650533556938,0.08868849277496338,0.223927304148674
Gene_69,Gene_127,0.26942920684814453,0.021267669275403023,0.18376551568508148,0.2976917624473572
Gene_69,Gene_103,0.2851964831352234,0.02089027129113674,0.21087493002414703,0.31275537610054016
Gene_93,Gene_102,0.2241067737340927,0.020685655996203423,0.1557523012161255,0.26469844579696655
Gene_100,Gene_104,0.2168058454990387,0.02066912315785885,0.15613985061645508,0.26340872049331665
Gene_98,Gene_126,0.23832832276821136,0.020661495625972748,0.17470522224903107,0.27859073877334595
Gene_100,Gene_279,0.25474634766578674,0.020626086741685867,0.1861853450536728,0.29482388496398926
Gene_64,Gene_291,0.26300936937332153,0.0206192247569561,0.16073906421661377,0.2884388864040375
Gene_69,Gene_108,0.2791804373264313,0.02061423845589161,0.21175265312194824,0.31510114669799805
Gene_99,Gene_178,0.26676487922668457,0.02057601511478424,0.1947993040084839,0.29763537645339966
Gene_93,Gene_149,0.1560625284910202,0.020569777116179466,0.05699025094509125,0.2036280483007431
Gene_75,Gene_102,0.23879894614219666,0.020354151725769043,0.16316285729408264,0.27195262908935547
Gene_93,Gene_148,0.22225148975849152,0.020322592929005623,0.14649252593517303,0.2532615065574646
Gene_70,Gene_202,0.23378555476665497,0.019978204742074013,0.15628616511821747,0.27098792791366577
Gene_79,Gene_275,0.17996980249881744,0.01991773210465908,0.1053309440612793,0.23061667382717133
Gene_89,Gene_130,0.24265515804290771,0.019068444147706032,0.16122101247310638,0.27002501487731934
Gene_70,Gene_161,0.26207149028778076,0.018887870013713837,0.1662987917661667,0.2889678180217743
Gene_88,Gene_260,0.18857327103614807,0.018759042024612427,0.11045093834400177,0.21955926716327667
Gene_71,Gene_210,0.26324203610420227,0.018291514366865158,0.1865423023700714,0.2897774279117584
Gene_94,Gene_224,0.25174906849861145,0.01819531060755253,0.17158667743206024,0.27602899074554443
Gene_77,Gene_183,0.2886427044868469,0.018191248178482056,0.21062706410884857,0.3085625171661377
Gene_82,Gene_127,0.25254032015800476,0.018183760344982147,0.1641012728214264,0.271463543176651
Gene_71,Gene_260,0.2792465090751648,0.0181720033288002,0.21502447128295898,0.3088209629058838
Gene_75,Gene_154,0.2635914385318756,0.01812763325870037,0.18464747071266174,0.28437745571136475
Gene_99,Gene_270,0.2683185935020447,0.018021374940872192,0.2003704309463501,0.29453417658805847
Gene_64,Gene_202,0.2508630156517029,0.017937572672963142,0.19211937487125397,0.281695157289505
Gene_81,Gene_238,0.26927801966667175,0.017672501504421234,0.19100816547870636,0.29828211665153503
Gene_86,Gene_208,0.24499134719371796,0.017265841364860535,0.17185938358306885,0.2763717472553253
Gene_91,Gene_131,0.26276758313179016,0.01679150015115738,0.1893552541732788,0.29277104139328003
Gene_93,Gene_125,0.2564693093299866,0.016150761395692825,0.1849321722984314,0.2793309986591339
Gene_93,Gene_238,0.2802497148513794,0.01614551432430744,0.22219815850257874,0.2982324957847595
Gene_68,Gene_161,0.20084771513938904,0.01614122837781906,0.14375795423984528,0.22930319607257843
Gene_85,Gene_200,0.24692675471305847,0.016068749129772186,0.18734294176101685,0.26930713653564453
Gene_74,Gene_104,0.26632463932037354,0.0160381942987442,0.21112696826457977,0.2909468710422516
Gene_79,Gene_241,0.29508161544799805,0.01599893718957901,0.2389269471168518,0.3195740282535553
Gene_95,Gene_117,0.2538658678531647,0.01582806557416916,0.19596216082572937,0.27804064750671387
Gene_79,Gene_255,0.3190241754055023,0.015737975016236305,0.25914034247398376,0.3369099497795105
Gene_74,Gene_177,0.17012281715869904,0.015584805980324745,0.0955457091331482,0.19936278462409973
Gene_85,Gene_173,0.26489466428756714,0.015481888316571712,0.20744642615318298,0.29037773609161377
Gene_99,Gene_188,0.3116859793663025,0.015061181038618088,0.245883047580719,0.32920214533805847
Gene_93,Gene_176,0.24843449890613556,0.014890284277498722,0.15983887016773224,0.27466994524002075
Gene_85,Gene_255,0.29499298334121704,0.014791782945394516,0.2139023244380951,0.3149251639842987
Gene_82,Gene_292,0.26911449432373047,0.014722570776939392,0.20893867313861847,0.2905326187610626
Gene_83,Gene_248,0.33093708753585815,0.014705950394272804,0.2800408899784088,0.3516126573085785
Gene_69,Gene_137,0.23164358735084534,0.01437198743224144,0.17245279252529144,0.25082626938819885
Gene_93,Gene_137,0.2565757632255554,0.014036862179636955,0.20001757144927979,0.2816733121871948
Gene_86,Gene_240,0.25520437955856323,0.013798370026051998,0.16905440390110016,0.2779228091239929
Gene_70,Gene_299,0.28050148487091064,0.013783595524728298,0.22453849017620087,0.29973316192626953
Gene_75,Gene_132,0.28322532773017883,0.013428911566734314,0.23332874476909637,0.3075611889362335
Gene_83,Gene_298,0.34765496850013733,0.013372084125876427,0.2878407835960388,0.3610559105873108
Gene_93,Gene_164,0.27747777104377747,0.012727605178952217,0.2299860566854477,0.29556092619895935
Gene_96,Gene_295,0.2452802062034607,0.012706607580184937,0.1984349638223648,0.2654109001159668
Gene_69,Gene_175,0.2150781750679016,0.012706545181572437,0.1614740639925003,0.23587216436862946
Gene_88,Gene_224,0.2514340281486511,0.012653497979044914,0.1961381733417511,0.27424854040145874
Gene_82,Gene_282,0.29298704862594604,0.012100880965590477,0.2380966693162918,0.31035855412483215
Gene_61,Gene_249,0.25640690326690674,0.011877312324941158,0.2058996856212616,0.2722568213939667
Gene_85,Gene_238,0.2652240991592407,0.011846717447042465,0.2161691039800644,0.2825081944465637
Gene_98,Gene_209,0.2702222764492035,0.01160537451505661,0.2191612720489502,0.28821301460266113
Gene_77,Gene_214,0.26527655124664307,0.011599786579608917,0.1928217113018036,0.28656715154647827
Gene_91,Gene_178,0.2586047947406769,0.01118970662355423,0.21396034955978394,0.2756754159927368
Gene_68,Gene_195,0.23649223148822784,0.011160844005644321,0.17755450308322906,0.2520981729030609
Gene_97,Gene_252,0.2778339087963104,0.011002796702086926,0.22241812944412231,0.295674592256546
Gene_96,Gene_255,0.31931447982788086,0.010676726698875427,0.2799050807952881,0.3355569839477539
Gene_85,Gene_271,0.2762134373188019,0.010650605894625187,0.2263776957988739,0.29344719648361206
Gene_77,Gene_106,0.21380718052387238,0.010579202324151993,0.16164475679397583,0.22878719866275787
Gene_97,Gene_272,0.25018012523651123,0.01048211194574833,0.21017855405807495,0.26811519265174866
Gene_81,Gene_242,0.2908462882041931,0.010217323899269104,0.2362770140171051,0.30365151166915894
Gene_93,Gene_271,0.25932300090789795,0.009987764060497284,0.2134055346250534,0.2773580253124237
Gene_83,Gene_175,0.27937746047973633,0.009971244260668755,0.22220729291439056,0.2963605523109436
Gene_88,Gene_103,0.2944815158843994,0.009299403056502342,0.2570624053478241,0.3075416088104248
Gene_83,Gene_131,0.2170463353395462,0.009245009161531925,0.1763632893562317,0.23083016276359558
Gene_70,Gene_240,0.25476405024528503,0.008714597672224045,0.20717808604240417,0.26662909984588623
Gene_77,Gene_237,0.2794870138168335,0.008712871000170708,0.243242546916008,0.29584386944770813
Gene_75,Gene_186,0.3203052580356598,0.008191097527742386,0.270445317029953,0.32853057980537415
Gene_82,Gene_116,0.34129345417022705,0.007770667318254709,0.2893720865249634,0.349346399307251
Gene_98,Gene_291,0.2696935534477234,0.007735408842563629,0.2200915813446045,0.280026376247406
Gene_61,Gene_269,0.3942166566848755,0.007656118832528591,0.33977633714675903,0.40200576186180115
Gene_93,Gene_251,0.29354068636894226,0.007583636324852705,0.2576834261417389,0.3030882775783539
Gene_84,Gene_172,0.2889196276664734,0.00747797591611743,0.24764877557754517,0.29793643951416016
Gene_70,Gene_296,0.31162720918655396,0.007399438414722681,0.28155648708343506,0.32289987802505493
Gene_72,Gene_227,0.3563755452632904,0.007176770828664303,0.31600943207740784,0.3638175427913666
Gene_93,Gene_285,0.27845999598503113,0.007056712172925472,0.24102574586868286,0.28969326615333557
Gene_76,Gene_186,0.32188358902931213,0.006982838734984398,0.28390294313430786,0.3309938907623291
Gene_74,Gene_218,0.2960716485977173,0.00671415077522397,0.2624891400337219,0.30552056431770325
Gene_95,Gene_172,0.33951425552368164,0.006624382920563221,0.2988811731338501,0.3491460084915161
Gene_82,Gene_252,0.30348002910614014,0.0065328157506883144,0.24769103527069092,0.31257864832878113
Gene_64,Gene_124,0.32665178179740906,0.006517969071865082,0.28909730911254883,0.334981232881546
Gene_63,Gene_182,0.3360573649406433,0.0063653127290308475,0.3041590452194214,0.3452065587043762
Gene_97,Gene_116,0.3172609806060791,0.006303580477833748,0.29236719012260437,0.3248242735862732
Gene_99,Gene_155,0.31869450211524963,0.006214262917637825,0.286327600479126,0.32793405652046204
Gene_93,Gene_135,0.31206217408180237,0.0061830817721784115,0.2814825773239136,0.32079124450683594
Gene_88,Gene_298,0.27866241335868835,0.0061495485715568066,0.2451387196779251,0.2863733470439911
Gene_93,Gene_293,0.28187358379364014,0.006036266218870878,0.26131847500801086,0.29255250096321106
Gene_85,Gene_118,0.33489710092544556,0.005991849582642317,0.2999953031539917,0.3427266478538513
Gene_96,Gene_213,0.3313932418823242,0.005651202518492937,0.2994590997695923,0.3373849093914032
Gene_83,Gene_196,0.33594420552253723,0.005581243894994259,0.28535696864128113,0.34417515993118286
Gene_92,Gene_157,0.364035040140152,0.00551421707496047,0.3226834237575531,0.36951878666877747
Gene_88,Gene_172,0.36915290355682373,0.005281452555209398,0.31021419167518616,0.37540683150291443
Gene_83,Gene_245,0.35547101497650146,0.005275554023683071,0.31952226161956787,0.36195799708366394
Gene_77,Gene_135,0.3370644450187683,0.00497712567448616,0.30031344294548035,0.34337446093559265
Gene_98,Gene_124,0.3122708797454834,0.004872533027082682,0.2840091586112976,0.31907951831817627
Gene_70,Gene_115,0.35994645953178406,0.004838498309254646,0.3316105902194977,0.36519408226013184
Gene_87,Gene_135,0.3587276041507721,0.004801656119525433,0.33169683814048767,0.3645538091659546
Gene_95,Gene_105,0.35942474007606506,0.004758151713758707,0.3293672800064087,0.36553439497947693
Gene_68,Gene_107,0.31982049345970154,0.004702333826571703,0.29105323553085327,0.32686346769332886
Gene_88,Gene_228,0.3920297920703888,0.0046200230717659,0.36307013034820557,0.3964412212371826
Gene_61,Gene_213,0.38334065675735474,0.0045957728289067745,0.3594540059566498,0.3891514539718628
Gene_68,Gene_246,0.3293943405151367,0.00441893981769681,0.30196070671081543,0.3350094258785248
Gene_61,Gene_298,0.3559753894805908,0.0043639810755848885,0.3398352861404419,0.3631068468093872
Gene_66,Gene_122,0.3589142858982086,0.004303297959268093,0.33422142267227173,0.3637244701385498
Gene_77,Gene_109,0.35624364018440247,0.004224834963679314,0.33131110668182373,0.36122018098831177
Gene_83,Gene_186,0.3497844934463501,0.004155473783612251,0.3282104730606079,0.35563212633132935
Gene_98,Gene_170,0.35277146100997925,0.004132241476327181,0.32772549986839294,0.3574552536010742
Gene_89,Gene_170,0.3700902462005615,0.004112964030355215,0.34689730405807495,0.37496569752693176
Gene_83,Gene_261,0.33232957124710083,0.0038431223947554827,0.31060370802879333,0.3381626009941101
Gene_83,Gene_235,0.3915560841560364,0.0036903112195432186,0.36350908875465393,0.39633527398109436
Gene_68,Gene_269,0.35380104184150696,0.0036838999949395657,0.3380153179168701,0.3582202196121216
Gene_77,Gene_169,0.3341082036495209,0.0035207788459956646,0.3146786391735077,0.338803231716156
Gene_77,Gene_142,0.387073278427124,0.0029713313560932875,0.3722597360610962,0.39072689414024353
Gene_89,Gene_153,0.38149192929267883,0.002923400141298771,0.35523974895477295,0.3846582770347595
Gene_68,Gene_120,0.33737659454345703,0.002434456953778863,0.3174382448196411,0.3405523896217346
Gene_67,Gene_146,0.4005798399448395,0.002344786887988448,0.38770899176597595,0.40313205122947693
