tf,Gene_101,Gene_102,Gene_103,Gene_104,Gene_105,Gene_106,Gene_107,Gene_108,Gene_109,Gene_110,Gene_111,Gene_112,Gene_113,Gene_114,Gene_115,Gene_116,Gene_117,Gene_118,Gene_119,Gene_120,Gene_121,Gene_122,Gene_123,Gene_124,Gene_125,Gene_126,Gene_127,Gene_128,Gene_129,Gene_130,Gene_131,Gene_132,Gene_133,Gene_134,Gene_135,Gene_136,Gene_137,Gene_138,Gene_139,Gene_140,Gene_141,Gene_142,Gene_143,Gene_144,Gene_145,Gene_146,Gene_147,Gene_148,Gene_149,Gene_150,Gene_151,Gene_152,Gene_153,Gene_154,Gene_155,Gene_156,Gene_157,Gene_158,Gene_159,Gene_160,Gene_161,Gene_162,Gene_163,Gene_164,Gene_165,Gene_166,Gene_167,Gene_168,Gene_169,Gene_170,Gene_171,Gene_172,Gene_173,Gene_174,Gene_175,Gene_176,Gene_177,Gene_178,Gene_179,Gene_180,Gene_181,Gene_182,Gene_183,Gene_184,Gene_185,Gene_186,Gene_187,Gene_188,Gene_189,Gene_190,Gene_191,Gene_192,Gene_193,Gene_194,Gene_195,Gene_196,Gene_197,Gene_198,Gene_199,Gene_200,Gene_201,Gene_202,Gene_203,Gene_204,Gene_205,Gene_206,Gene_207,Gene_208,Gene_209,Gene_210,Gene_211,Gene_212,Gene_213,Gene_214,Gene_215,Gene_216,Gene_217,Gene_218,Gene_219,Gene_220,Gene_221,Gene_222,Gene_223,Gene_224,Gene_225,Gene_226,Gene_227,Gene_228,Gene_229,Gene_230,Gene_231,Gene_232,Gene_233,Gene_234,Gene_235,Gene_236,Gene_237,Gene_238,Gene_239,Gene_240,Gene_241,Gene_242,Gene_243,Gene_244,Gene_245,Gene_246,Gene_247,Gene_248,Gene_249,Gene_250,Gene_251,Gene_252,Gene_253,Gene_254,Gene_255,Gene_256,Gene_257,Gene_258,Gene_259,Gene_260,Gene_261,Gene_262,Gene_263,Gene_264,Gene_265,Gene_266,Gene_267,Gene_268,Gene_269,Gene_270,Gene_271,Gene_272,Gene_273,Gene_274,Gene_275,Gene_276,Gene_277,Gene_278,Gene_279,Gene_280,Gene_281,Gene_282,Gene_283,Gene_284,Gene_285,Gene_286,Gene_287,Gene_288,Gene_289,Gene_290,Gene_291,Gene_292,Gene_293,Gene_294,Gene_295,Gene_296,Gene_297,Gene_298,Gene_299,Gene_300
Gene_61,-0.021407967,0.0,-0.017559275,0.0,0.0,-0.0,-0.0,-0.0,-0.0,-0.0,0.0,-0.0,0.0,-0.0,-0.0,0.0,0.0,-0.0,0.0066448026,0.0,-0.0,0.0,0.0,0.0,0.0,-0.0,0.0,-0.0,-0.0,-0.0,-0.0,0.049746804,0.0,0.0,0.0,-0.0,0.0,-0.0,0.0,0.0487854,0.0,-0.0,0.0,-0.0,0.04739591,-0.0,-0.0,0.0,-0.03169519,0.0,0.0,0.0,-0.0,0.0,0.0,-0.0,0.0,0.0,-0.0,-0.0,0.0,0.0,0.036054567,0.0,0.0,-0.009461081,-0.0,0.0,-0.0,0.0,0.0,0.0,-0.0,-0.0,0.0,0.0,-0.0,-0.018763773,-0.0,-0.0,-0.008922548,0.0,0.0,0.0,0.0,0.0,0.0,-0.0,0.0,-0.0,-0.0,0.0,0.0,0.0,0.0,0.0,-0.0,0.0,0.0,-0.0,-0.0,-0.0,-0.033755995,0.0,0.0,-0.0,0.0,-0.0,-0.0,-0.0,0.0,0.0,0.13213627,0.0,0.0,-0.0,0.0,0.0,0.0,0.0,0.0,-0.0,-0.0,-0.0,0.0,0.0,-0.0,0.0,0.0,0.0,0.0,0.0,0.0,-0.0,0.0,0.0,0.0,0.0,-0.0,0.0,-0.0,-0.0,0.0,0.0,-0.0,0.0,-0.0,0.0,0.019080972,0.0,0.0,-0.0,-0.0,-0.0,-0.0,0.0,-0.0,-0.0,0.0,0.05798515,0.0,-0.0,-0.02810029,-0.0,-0.007015767,0.0,0.0,-0.0,0.14586031,-0.0,-0.0,-0.0,-0.0,0.0,-0.0,-0.0,0.032437343,0.0,0.0,-0.0,0.038593467,-0.0,0.0,0.0,0.0,-0.0,0.0,0.0,0.0,-0.0,-0.0,-0.0,0.0,0.0,0.0,0.0,-0.0,0.10682568,-0.0,0.029543797
Gene_62,-0.0,0.0,-0.0,0.0,0.0,-0.024089694,-0.0,-0.0,-0.0,-0.0,-0.0,-0.0,0.0,-0.0,0.0,0.0,0.0,-0.0,-0.0,0.0,-0.0,0.0,-0.0,0.0,0.0,-0.0,-0.0,-0.014646119,-0.0,-0.0,-0.0,0.0,0.0,0.0,0.0,-0.0,0.0,-0.0,0.0,0.05295375,0.0,0.0,-0.0,-0.0,0.0,-0.0,-0.0,0.021256644,-0.0,-0.0,0.0,0.0,-0.0,0.0,0.0,-0.0,-0.0,0.0,-0.0,-0.0,0.0,0.0,0.0,0.0,0.0,-0.0,-0.0,-0.0,-0.0,0.0,0.0,-0.0,-0.0,-0.012105214,0.0,0.0,-0.0,-0.0,-0.0,0.0,0.0,0.0,0.0,0.0,0.0,0.0,0.0,-0.0,0.0,-0.0,-0.0,-0.0,0.0,0.0,-0.0,0.06721521,-0.0,0.0,0.0,-0.0,0.0,-0.0,-0.0,0.0,0.0,-0.0,0.0,-0.0,-0.0,0.0,0.0,0.0,0.0,0.0,0.0,-0.0,-0.0,0.0,0.0,0.0,0.0,0.0,-0.0,0.0,0.0,0.0,0.0,-0.0,0.0,0.0,0.04972112,0.0,0.0,-0.0,0.0,0.0,0.0,0.0,-0.0,-0.0,-0.0,0.0,0.0,0.0,-0.0,-0.0,0.0,0.0,-0.0,0.0,0.0,-0.0,-0.0,-0.0,0.0,-0.0,0.024784738,-0.0,-0.0,0.0,0.0,-0.0,-0.0,-0.0,-0.0,0.0,0.0,-0.01879971,0.0,-0.0,-0.0,-0.0,-0.0,0.0,-0.0,-0.0,0.0,0.0,0.0,-0.0,0.051552482,-0.0,0.0,0.018532505,0.0,-0.0,0.0,0.0,0.0,0.0,-0.0,-0.0,-0.0,0.0,0.0,0.0,-0.0,0.0,-0.0,0.043447647
Gene_63,-0.0,0.0,-0.0,-0.0,-0.0,-0.0,0.0,0.0,0.0,0.0,0.0,0.0,0.0,0.0,0.0,0.0,0.0,0.0,-0.0,0.0,-0.0,0.0,-0.0,0.0,0.021423174,0.0,-0.0,-0.0,0.0,-0.0,0.0,0.0,0.0,0.0,0.0,-0.0,0.0,-0.0,0.0,-0.0,0.0,-0.0,-0.0,0.0,0.0,0.0,0.0,-0.0,-0.0,0.0,0.0,-0.0,0.0,0.0,-0.0,0.0,0.0,0.0,0.0,-0.0,0.0,-0.0,0.0,0.0,-0.0,0.0,0.0,0.030977873,-0.0,0.0,0.0,0.0,-0.0,-0.0,0.025359144,0.0,-0.0,-0.0,-0.0,0.0,-0.0,0.089057796,0.0,0.0,0.0,-0.0,-0.0,0.0,-0.0,-0.0,-0.0,-0.0,0.0,-0.0,0.0,-0.0,0.0,-0.0,0.0,-0.0,-0.0,0.0,-0.0,0.0,0.0,-0.0,-0.0,-0.0,0.0,0.0,-0.0,0.0,0.0,0.0,0.0,0.0,0.0,0.0,0.015205888,0.0,0.0,-0.0,-0.0,0.0,0.0,-0.0,0.0,0.0,0.0,0.0,0.0,0.0,-0.0,0.0,-0.0,0.0,0.0,0.0,-0.0,0.0,-0.0,-0.008767137,0.031644944,0.0,0.0,0.0,0.0,-0.0,-0.0,-0.0,0.0,-0.0,-0.024128865,-0.0,-0.0,0.0,-0.0,0.0,0.0,-0.0,-0.0,-0.0,0.0150674805,0.0,-0.0,-0.0,0.0,-0.0,0.0,0.0,0.0,0.0,-0.0,0.0,-0.0,0.0,0.0,0.0,-0.0,-0.0,0.0,-0.0,-0.0,0.0,0.0,0.0,0.0,0.0,-0.0,-0.0,-0.0,-0.0,-0.0,-0.0,0.0,0.0,0.0,-0.0,0.0,-0.0
Gene_64,0.0,-0.0,-0.0,-0.0,0.0,0.0,0.0,-0.0,-0.0,-0.0,0.0,0.0,0.0,0.0,0.0,0.0,0.0,0.0,0.0,0.0,-0.027020315,-0.0,0.0,0.07838678,-0.0,0.0,0.0,-0.0,-0.0,0.0,-0.0,0.0,-0.0,-0.0,-0.0,0.0,-0.0,0.051175114,-0.0,-0.0,0.0,-0.0,0.0,-0.0,-0.0,0.0,0.0,0.0,-0.0,-0.0,-0.0,-0.0,0.0,0.0,-0.0,-0.0,0.0,0.0,0.0,0.0,0.0,-0.0,-0.0,-0.0,0.0,-0.0,-0.0,0.0,0.0,-0.0,0.0,-0.0,-0.0,0.0,0.0,-0.0,0.0,0.0,0.0,0.0,-0.0,-0.0,-0.0,0.0,-0.012700041,0.0,-0.034319885,-0.0,-0.0,0.018066972,0.0,0.0,-0.0,0.0,0.0,0.0,0.07566742,-0.0,-0.0,0.0,-0.0,0.028786002,0.0,0.0,0.0,0.0,-0.0,-0.0,-0.0,-0.0,0.0,-0.0,0.0,-0.0,0.0,-0.0,-0.0,-0.0,-0.0,0.0,-0.0,0.0,0.0,-0.0,0.0,-0.0,-0.0,0.0,-0.0,-0.0,0.0,0.0,-0.0,0.0,-0.0,-0.0,-0.0,0.0,-0.0,-0.0,0.0,-0.0,-0.0,0.0,0.0,0.0,-0.0,0.0,0.0,0.0,-0.0,0.0,0.0,0.0,-0.0,0.0,-0.0,0.0,0.0,0.0,-0.0,0.0,-0.0,-0.0,-0.0,0.0,-0.0,-0.0,-0.0,-0.0,0.0,0.064888135,0.012661459,-0.0,0.0,0.0,-0.0,-0.0,0.0,0.0,-0.0,0.0,-0.0,-0.0,-0.0,-0.004955949,-0.0,-0.0,0.0,0.0,0.038158786,0.0,0.0,-0.0,0.0,0.0,-0.019437263,-0.0,0.0,-0.0
Gene_65,-0.0,0.0,-0.0,0.0,0.0,-0.0,0.0,-0.0,-0.0,0.0,-0.0,0.0,0.0,0.0,0.0,0.0,0.0,0.0,0.0,0.0,-0.0,0.0,0.0,0.0,0.0,0.023046905,0.0,-0.0,-0.0,0.0,-0.0,0.056280147,0.0,0.0,0.0,-0.0,0.0,0.0,0.0,0.0,0.0,-0.0,0.0,-0.0,0.0,0.0,-0.0,0.0,-0.0,0.0,0.0,0.0,-0.0,0.0,0.0,0.010851836,0.0,0.04912323,-0.0,0.0,0.0,-0.0,0.0,0.0,0.04241356,-0.0,0.0,0.0,0.0,-0.0,0.0,-0.0,-0.0,-0.0,0.0,0.0,-0.007995937,-0.0,0.0,0.0,-0.0,-0.0,0.0,0.0,0.0,0.0,-0.0,-0.0,0.0,0.0,0.021380298,0.0,-0.0,0.0,0.0043244534,0.0,0.0,-0.0,0.0,-0.0,-0.0,0.0,-0.0,0.0,0.0,0.0,0.0,-0.0,-0.011394399,-0.0,0.0,-0.0,0.0,0.0,0.0,-0.0,-0.0,0.0,0.0,0.0,0.0,0.0,-0.0,-0.0,-0.0,0.0,0.0,-0.0,0.0,-0.0,0.0,0.0,0.0,-0.0,-0.0,0.0,-0.0,0.0,-0.0,-0.0,0.0,0.0,0.042538792,0.0,-0.0,0.0,0.0,0.0,-0.0,0.0,-0.0,0.0,0.0,-0.0,0.0,-0.0,0.0,-0.0,0.0,0.0,0.0,-0.0,-0.0,-0.0,-0.0,0.0,0.0,-0.0,-0.0,-0.0,0.0,0.0,-0.0,0.0,-0.0,-0.0,-0.0,0.0,0.050131366,0.0,0.0,0.0,0.0,0.0,-0.0,-0.0,0.0,0.0,0.048251014,0.0,0.0,0.0,0.0,-0.0,0.0,-0.0,-0.0,-0.0,0.0,0.0
Gene_66,0.0,-0.007308054,0.0,-0.0,-0.0,0.0,0.0,0.0,-0.0,0.0,-0.0,0.0,-0.0,0.0,-0.0,0.0,-0.0,0.0,0.013881298,-0.0,0.0,0.10774632,0.0,0.0,-0.0,0.0,-0.0,0.0,0.0,-0.0,0.0,-0.0,-0.0,-0.0,-0.0,0.0,-0.0,0.0,-0.0,-0.0,-0.0,0.0,0.0,-0.0,-0.011853098,0.0,0.0,-0.0,0.0,0.0,-0.0,-0.0,0.0,0.0,-0.0,0.0,0.0,-0.0,0.0,0.0,0.0,-0.0,-0.0,0.0,0.0,0.0,0.0,0.0,0.0,-0.0,-0.0,0.0,0.0,0.0,-0.0,-0.0,0.0,0.0,0.0,0.007940969,0.0,-0.0,-0.0,0.0,-0.0,-0.0,-0.0,0.0,-0.0,0.0,0.0,-0.0,-0.0,-0.0,-0.0,-0.0,0.0,-0.0,-0.0,0.0,-0.0,0.0,0.0,-0.0,0.0,0.0,-0.0,0.0,0.0,-0.0,-0.0,-0.0,-0.0,-0.0,-0.0,0.0,0.0,-0.0,-0.0,-0.0,-0.0,-0.0,0.0,-0.0,0.0,-0.0,-0.0,0.0,-0.0,-0.0,-0.0,-0.0,-0.0,0.0,-0.0,-0.0,-0.0,-0.0,0.0,-0.0,0.0,-0.0,-0.0,-0.010124045,0.0,0.0,0.008588828,-0.0,-0.0,0.0,-0.0,0.0,0.0,0.0,0.0,-0.0,0.0,0.0,0.0,-0.0,-0.0,0.028066283,0.0,0.0,0.0,-0.0,-0.0,0.0,-0.0,0.0,0.0,0.0,0.0,-0.0,0.0,0.0,-0.0,0.0,-0.0,0.00064820383,-0.0,0.0,-0.0,-0.0,-0.0,0.0,-0.0,0.0,-0.0,0.0,0.0,0.0,0.0,-0.0,-0.0,-0.0,0.0,0.0,0.0,-0.0
Gene_67,0.0,-0.0,0.0,0.0,0.0,0.0,-0.0,0.0,0.0,0.0,0.0,0.0,0.0,0.0,-0.0,0.0,0.0,0.0,0.0,-0.0,0.027905332,0.0,0.0,-0.0,0.0,0.0,-0.0,0.0,0.0,0.0,0.0,-0.0,0.0,0.0,-0.0,-0.0,-0.0,-0.0,-0.0,0.012750572,0.0,0.0,-0.0,0.0,-0.0,0.1464122,0.0,0.0,0.0,0.0,0.0,-0.0,0.0,-0.0,0.0,-0.0,0.0,-0.0,0.0,-0.0,-0.0,-0.0,-0.0,-0.0,-0.0,0.0,0.0,-0.0,-0.0,-0.0,-0.0,0.0,0.0,0.0,-0.0,0.0,0.0,0.0,0.016523799,0.0,0.0,0.0,0.0,-0.0,-0.0,-0.0,0.0,0.0,-0.0,0.0,0.0,-0.0,0.0,-0.0,-0.0,-0.0,-0.0,0.0,-0.0,-0.0,-0.0,0.0,0.0,0.0,-0.0,0.0,-0.0,0.0,0.0,0.0,-0.0,0.0,-0.0,0.0,-0.0,-0.0,-0.0,0.0,-0.0,0.0,-0.0,0.0,0.0,0.0,-0.0,-0.0,0.0,0.0,-0.0,-0.0,-0.0,0.0,0.0,0.0,0.0,0.0,0.0,-0.0,0.0,0.0,0.0,0.0,-0.0,-0.0,-0.0,-0.0,0.0,-0.0,-0.0,0.0,-0.0,0.0,0.04545183,0.0,0.0,-0.013998887,0.0,-0.0,0.0,-0.0,0.0,0.0,0.0,0.0,-0.0,-0.0,-0.0,0.0,-0.0,0.0,0.0,-0.0,0.0,-0.0,0.0,-0.0,-0.0,0.0,-0.0,-0.0,-0.0,0.0,0.0,-0.0,-0.0,0.0,0.0,0.0,-0.0,0.0,-0.0,0.0,0.0,0.028797442,-0.0,-0.0,0.0,-0.0,0.0,-0.0
Gene_68,0.0,0.0,0.0,0.0,0.0,0.0,0.07128067,0.0,0.0,0.0,-0.0,-0.0,-0.0,0.0,0.0,0.0,-0.0,-0.0,0.0,0.08369442,0.07420219,0.0,0.0,-0.0,-0.0,-0.0,-0.0,0.0,0.0,0.0,-0.0,-0.016032679,0.0,0.026262984,-0.0,0.0,0.0,-0.0,-0.0,0.0,0.0,0.0,-0.019669542,0.0,0.0,-0.0,-0.0,-0.0,0.0,-0.0,0.0,0.0,-0.0,-0.020349478,0.0,0.0,-0.0,-0.0,-0.0,-0.0,-0.021574657,0.0,-0.0,-0.0,-0.0,0.0,0.0,-0.0,-0.0,-0.0,-0.0,-0.0,0.05628071,0.0,-0.0,0.0,0.0,0.0,0.02698681,-0.0,0.06337734,0.0,0.0,-0.0,0.0,-0.0,0.07396608,0.0,0.0,-0.0,0.0,-0.0,0.042712364,0.0,-0.0038860124,-0.0,-0.030599684,0.054808293,-0.0,-0.0,0.0,-0.0098541025,0.0,-0.0,-0.029395731,0.0,0.0,0.0,0.0,0.0,-0.0,0.0,-0.0,0.0,-0.040705673,-0.0,-0.0,-0.0,-0.0,-0.0,-0.0,0.0,0.0,0.0,-0.0034487324,0.0,-0.0,-0.0,-0.0,0.0,-0.0,-0.0,0.0,-0.0,0.0,-0.0,0.0,-0.0,0.05294147,0.0,0.0,0.04661757,-0.0,-0.026765183,-0.0,0.078226715,0.0,-0.0,0.0,0.0,0.0,0.0,0.0,-0.0,0.0,-0.027500076,0.046212707,-0.0,-0.0,-0.0,0.0,0.0,0.0,0.0,-0.0,0.0,-0.0,0.043751016,0.10190131,0.0,-0.0,-0.02367031,0.0,0.0,-0.0,-0.0,-0.0,-0.0,0.0,-0.0,-0.0,-0.0,0.0,-0.0,-0.0,0.0,0.0,0.0,-0.019416971,0.0,-0.0,0.0,-0.0,0.053648785,-0.0056546996,-0.0,0.052459188,0.0,-0.0,-0.0
Gene_69,0.038830973,-0.0,0.058588166,-0.0,-0.0,0.05630422,0.0,0.059407555,0.0,0.0,-0.0,0.0,-0.0,0.0,-0.0,-0.0,-0.0,-0.0,0.0,-0.0,0.0,-0.0,0.0,-0.0,-0.0,0.0,0.04345942,0.049785495,0.051473476,0.0,0.0,-0.014920315,-0.0,-0.015076744,-0.0,0.0,-0.0031012525,0.0,-0.0345327,-0.04739658,-0.0,-0.0,0.0,0.0,-0.03973538,0.0,0.0,-0.0025058584,0.052323256,0.0,-0.0,-0.0,0.0,-0.0,-0.0,0.0,-0.0,-0.033587746,0.053393412,0.0,-0.0,-0.0,-0.03637325,-0.0,-0.0,0.0,0.0,-0.0,0.0,0.0,-0.0,0.0,0.05397485,0.039825518,-0.017328544,-0.0,0.052183192,0.054986015,0.0,-0.0,0.0,-0.0,-0.0,-0.0,-0.0,-0.0,0.0,0.0,-0.031070923,-0.0,0.0,-0.0,-0.0,-0.0,0.0,-0.0,0.0,-0.0,-0.041530885,0.0,0.0,0.0,0.04830617,-0.0,-0.0,0.0,-0.039859857,0.05305288,0.0,-0.0,-0.0023742479,-0.0,-0.0,-0.0,0.005597533,0.045577478,0.0,-0.0,-0.02688168,-0.0,-0.0,-0.0,0.040137496,-0.0,0.0,-0.0,-0.0,0.0,-0.028312905,-0.0,-0.0,-0.0,-0.0,0.042438675,-0.0,-0.0,-0.0,-0.0,0.0,-0.0,0.0,-0.0,-0.02955221,-0.0,0.0,-0.0,-0.0,-0.0,0.0,-0.0,-0.0,0.0,0.0,0.048406474,0.0,-0.008789896,-0.0,0.0,0.0,-0.022515688,-0.0,0.0,0.058787785,0.0,0.0,-0.0,-0.0,0.0,-0.0,0.049343005,0.0,0.0,0.0,-0.0,0.0,0.031311043,-0.0,-0.0,-0.035538834,0.0,-0.0419058,0.0,-0.03265545,-0.03872719,-0.0,0.0,-0.0,-0.0,-0.0,0.0,0.0,0.0,-0.0,0.0,-0.0,-0.0,0.040563222,-0.0,0.0,-0.048365876
Gene_70,-0.0,0.0,-0.0,0.0,0.0,-0.0,0.0,-0.0,-0.0,0.032684147,0.0,0.0,0.06322698,0.0,0.108921565,0.0,0.0,0.0,-0.0,0.0,0.0,0.0,-0.0,0.0,0.07386192,0.0,-0.0,-0.0,-0.022553127,-0.0,0.0,0.0,0.049785346,0.0,0.0,-0.024095185,0.0,-0.0,0.04310278,0.0,0.0,0.0,-0.0,0.0,0.0,-0.0,0.0,0.0,-0.0,0.0,0.0,0.0,-0.0,0.0,0.0,-0.0,0.0,0.0478947,-0.0,-0.0,0.038419407,0.0,0.008943653,0.0,0.0,0.0,0.041217193,-0.0,0.0,-0.0,-0.0,0.0,-0.0,-0.0,0.0,0.0,-0.0,-0.0,-0.0,0.0,0.0,-0.0,0.05209728,0.043824695,0.041795455,-0.0,0.0,0.0,0.0,0.0,0.0,-0.0,0.0,0.0,-0.0,-0.0,0.0,0.0,0.046050645,-0.020804781,0.0,0.03797694,-0.0,0.056339465,0.057656877,-0.0,0.0,-0.0,-0.0,0.0,0.0,0.04211053,-0.0,0.0,0.0,-0.0,-0.0,0.052885987,0.049586844,0.048318878,-0.0,0.0,-0.0,-0.0,-0.0,-0.0,0.0,0.0,0.050163627,-0.0,0.0,0.053532224,0.0,-0.0,-0.0,0.0,0.0,0.0,0.0,0.010697539,0.0,0.040082563,0.06229754,0.0,-0.0,0.0,0.034892783,-0.0,-0.015935143,0.0,0.0,0.0,-0.0,-0.0,0.0,-0.0038952718,0.0,-0.038152527,0.0,0.0,0.0,-0.0,-0.0,0.0,-0.02905125,0.042645026,0.0,0.0,-0.0,-0.0,0.0,-0.0,-0.0,0.0,-0.0,-0.0,-0.0,0.0,0.0407031,-0.0,0.0,0.0,0.0,0.039769035,0.0,-0.0,0.0,0.0,0.057275794,-0.0,0.0,0.0,0.0,-0.039551515,-0.0,0.0666039,-0.0,-0.0,0.047295377,0.0
Gene_71,-0.0,0.0,-0.014055804,0.0,0.0,-0.0,0.0,-0.033790894,-0.0,-0.0,-0.0,-0.0,0.0,-0.0,0.0,0.0,0.048286814,0.0,-0.0,0.0,-0.0,0.0,-0.0,0.0,0.0,-0.0,0.0,-0.0,-0.039060097,-0.0,-0.0,0.0,0.0,0.0,0.0,-0.0,0.0,-0.0,0.0,0.056910783,0.0,0.0,0.0,-0.0,0.057113726,-0.0,-0.0,0.0,-0.022732994,-0.0,0.0,0.0,-0.0,0.0,0.0,-0.0,0.0,0.044985708,-0.0,0.0,0.0,0.0,0.0,0.0,0.0,-0.0,-0.0,0.0,0.0,0.0,0.0,-0.0,-0.028350582,-0.0,0.0,0.0,-0.0,-0.0,0.0,0.0,-0.0,0.0,0.0,0.0,0.0,0.0,-0.0,-0.0,0.0453054,0.0,-0.0,0.0,0.0,0.048682287,-0.0,0.0,0.0,0.0,0.052082185,-0.0,0.0,-0.0,-0.0,0.03399223,0.0,0.0,0.043828838,-0.0,-0.0,0.034666985,0.06675596,0.0,0.0,0.0,0.0,-0.0,-0.0,0.0,0.041620195,0.044166263,0.0,0.027571434,-0.0,-0.0,-0.0,0.0,0.0,-0.0,0.05019091,-0.0,0.0,0.0,0.0,-0.0,0.0,0.0,0.0,0.0,-0.0,-0.0,-0.0,0.0,0.0,0.0,-0.0,0.0,0.0,0.0,-0.0,0.0,0.0,-0.0,-0.0,-0.0,0.0,-0.0,0.0,-0.0,0.0,0.061335996,0.0,-0.011874024,-0.024738342,-0.0,-0.0,0.0,0.0,-0.0,0.0,-0.027185647,-0.0,-0.0,-0.0,0.0,-0.0,-0.01946115,0.0,0.0,0.054310724,0.0,0.0,0.0,0.0,0.0,0.0,-0.0020786931,0.0,0.0,0.047923416,0.0,-0.0,0.0,0.0,-0.0,0.0,-0.0,-0.03779758,0.0,-0.0,0.05241907
Gene_72,-0.0,0.0,-0.0,0.0,-0.0,-0.0,0.0,-0.0,-0.0,0.0,-0.0,0.0,0.0,0.0,0.0,0.0,0.0,0.0,0.0,-0.0,0.0,0.0,0.0,-0.0,0.0,0.0,-0.0,-0.0,-0.0,0.0,-0.0,0.0,0.0,0.014028133,0.0,-0.0,0.0,-0.0,0.0,0.0,0.0,0.0,-0.0,0.0,0.022341302,-0.0,-0.0,0.0,-0.0,-0.0,0.0,0.0,0.0,0.0,0.0,0.0,0.0,0.0,-0.0,-0.0,0.0,0.0,0.0,0.0,0.0,-0.0,0.0,0.0,0.0,-0.0,-0.0,-0.0,-0.0,-0.0,0.0,0.0,-0.0,-0.0,0.0,0.0,0.0,0.0,0.0,0.0,0.0,-0.0,0.0,-0.0,0.0,0.0,0.0,-0.0,0.0,0.03191255,-0.0,-0.0,-0.0,0.027046032,0.0,-0.0,0.0014390368,0.014841896,-0.0,0.017775029,0.0,-0.0,0.0,-0.0,-0.0,0.0,0.0,0.0,0.0,0.0,-0.0,-0.0,-0.0,0.0,0.0,0.0,-0.0,0.0,-0.0,-0.0,-0.0,0.0,0.10765796,-0.0,0.0,-0.0,0.025278289,0.0,0.0,-0.0,-0.0,0.0,-0.0,-0.0,0.0,-0.0,0.0,0.0,0.0,0.0,-0.0,0.0,0.0,0.0,-0.0,0.0,0.0,-0.0,0.0,0.0,0.0,-0.0,0.0,-0.0,0.0,0.0,0.0,-0.014394989,-0.0,-0.0,-0.0,0.0,0.0,0.0,0.0,-0.0,0.0,-0.0,0.0,0.0,-0.0,-0.0,-0.0,0.0,0.0,0.0,0.0,0.0,0.009915311,0.0,-0.0,-0.0,0.0,0.0,0.0,0.0,0.0,0.0,-0.0,-0.0,-0.0,-0.0,-0.0,0.0,0.0,0.0
Gene_73,0.0,-0.0,0.0,0.0,0.0,0.0,-0.0,0.0,0.0,0.0,0.0,-0.0,-0.0,0.0,-0.0,0.0,-0.0,-0.0,0.0,-0.0,0.05675796,0.0,0.0,-0.0,0.0,0.0,-0.0,0.04521996,0.0,0.0,0.0,-0.0,0.0,0.0,-0.0,0.0,-0.0,-0.0,-0.0,-0.0,0.0,0.0,-0.0,0.0,-0.0,-0.0,-0.0,0.0,0.0,0.0,-0.0,0.0,-0.0,-0.0,-0.0,0.0,-0.0,-0.0,0.0,-0.017886072,-0.0,0.0,-0.0,-0.0,-0.0,0.0,0.0,-0.0,-0.0,0.0,-0.0,-0.0,0.055188954,0.0,-0.0,0.0,0.0,0.0,0.035288572,-0.0,0.034693655,-0.0,0.0,-0.0,-0.0,-0.0,0.053002983,0.0,-0.0,0.0,0.0,-0.0,0.0,-0.0,-0.0,-0.0,-0.0,0.0,-0.0,-0.0,0.0,0.0,0.0,-0.0,-0.0,0.0,-0.0,0.0,0.0,0.0,-0.0,0.0,-0.0,0.0,-0.03044154,0.0,-0.0,-0.0,-0.0,-0.0,-0.030822936,0.0,0.0,-0.0,-0.0,0.0,0.0,-0.0,-0.0,-0.009764497,-0.0,-0.0,0.0,-0.0,0.0,-0.0,-0.0,-0.0,0.044728424,0.0,0.0,0.038066387,-0.0,-0.035271823,-0.0,-0.0,0.0,-0.0,-0.0,0.0,-0.0,0.0,0.0,0.0,0.0,-0.0,0.031105582,-0.0,-0.0,-0.0,0.0,0.0,0.0,0.0,-0.0,0.0,-0.0,0.031877313,-0.0,0.0,-0.0,-0.0,0.0,-0.0,0.0,0.0,-0.0,-0.0,-0.0,-0.0,-0.0,0.0,0.0,-0.0,-0.0,0.0,-0.0,0.0,-0.0,-0.0,-0.0,0.0,0.0,0.0,-0.0019735002,-0.0,0.041470423,-0.0,0.0,-0.0
Gene_74,-0.0,0.048055127,-0.0,0.03699222,0.0,-0.0,-0.0,-0.0,0.0,0.0,0.0,0.0,0.0,-0.0,0.0,0.0,0.046416227,-0.0,-0.0,0.0,0.0,0.0,-0.0,0.0,0.044308186,-0.0,-0.0,-0.0,-0.0,-0.0,0.0,0.0,0.043074626,0.063041024,0.0,-0.0,0.0,-0.027344506,0.047902856,0.052558623,0.0,0.0,-0.0,-0.0,0.047688775,-0.0,-0.0,0.0,-0.0,0.0,0.0,0.0,-0.0,-0.0,0.0,-0.0,0.0,0.0,-0.0,-0.0,0.0,0.037524633,0.0,0.0,-0.0,0.0,0.0,-0.0,-0.0,0.0,-0.0,0.0,0.010586773,-0.0,0.0,0.042546872,-0.038771376,-0.0,-0.0,0.0,0.0,0.0,0.06742952,0.0,0.050196014,0.0,0.034683894,-0.0,0.046953835,-0.0,0.0,-0.0,0.049534887,0.0,-0.0,-0.0,-0.0,0.047108356,0.050635632,-0.0,0.0,-0.0,-0.0,0.0,0.0,-0.0,0.0,-0.0,0.0,0.0,0.0,0.04586369,0.0,0.0,-0.0,-0.0,-0.0,0.04953519,0.045017682,0.0,0.0,-0.0,-0.0,0.0,-0.0,0.0,0.0,0.0,0.047007635,0.0,0.0,0.0,0.049386065,-0.03274832,0.0,0.0,0.0,0.0,0.0,0.0,-0.0,0.0,0.060137406,0.0,-0.0,-0.0,0.04636892,-0.0,-0.0,0.0,0.0,-0.0,-0.026866985,-0.0,0.0,-0.0,0.0,-0.04209759,-0.0,0.0,0.0,-0.0,-0.0,0.0,-0.0,0.0,0.034789898,-0.0,0.0,-0.0,-0.0,-0.0,-0.0,0.0,-0.0,-0.0,0.0,0.0,0.0,-0.0,0.037596073,-0.0,0.04113649,0.0,0.0,0.0,0.060678784,0.0,0.0,-0.0004845194,-0.0,-0.0,-0.0,-0.0,-0.0,-0.0,-0.0,-0.0,0.0,0.038762618
Gene_75,-0.0,0.027180003,-0.0,0.0,0.0,-0.0,0.0,-0.0,0.0,-0.0,-0.0,-0.0,0.0,-0.0,0.0,0.0,0.0,0.0,-0.0,0.0,-0.0,0.0,-0.0,0.0,0.0,-0.0,0.0,-0.0,-0.0,0.0,-0.0,0.06036036,0.0,0.0,0.0,-0.0,0.0,-0.0,0.0,0.0,0.0,0.0,0.0,-0.0,0.0,-0.0,-0.0,0.0,-0.0,0.0,0.0,0.0,-0.0,0.03089567,0.0,-0.0,0.0,0.0,-0.0,-0.0,0.0,0.0,0.0,0.0,0.0,-0.0,-0.0,-0.0,-0.0,0.0,0.0,0.0,-0.0,-0.0,0.0,0.0,-0.0,-0.0,-0.0,0.0,-0.0,-0.0,0.0,0.0,0.0,0.0720196,0.0,-0.0,0.0,0.0,0.0,-0.0,0.0,0.0,-0.0,0.0,0.0,0.0,0.0,-0.0,0.0,-0.0,-0.0,0.027245421,0.0,-0.0,0.0,0.0,-0.0,-0.0,0.0,0.0,0.0,0.0,0.0,-0.0,-0.0,0.0,0.0,0.0,0.0,0.0,-0.0,0.0,0.0,0.0,0.0,-0.0,0.0,0.0,0.0,0.0,0.0,-0.0,0.0,0.0,0.0,0.0,-0.0,0.0,-0.0,0.0,0.0,0.0,-0.0,0.0,0.0,0.0,-0.0,0.0,0.0,-0.0,-0.0,-0.0,0.0,-0.0,0.0,-0.0,-0.0,0.0,0.0,-0.0,-0.0,0.0,-0.0,0.0,0.0,-0.0,0.0,-0.0,-0.0,-0.0,-0.0,0.0,-0.0,-0.0,0.0,-0.0,0.0,-0.0,0.0,-0.0,0.0,0.0,0.0,-0.0,0.0,0.0,0.0,0.0,-0.0,-0.0,0.0,-0.0018063566,0.0,0.0,-0.0,0.0,0.0,0.0
Gene_76,-0.0,0.0,-0.0,0.0,0.0,-0.0,0.0,-0.0,0.0,0.0,0.0,0.0,0.039436754,-0.0027424651,0.0,0.0,0.0,-0.0,-0.0,0.0,0.0,0.0,-0.0,0.0,0.0,0.0,-0.0,-0.0,-0.0,-0.0,0.0,0.0,0.0,0.0,0.0,-0.0,0.0,-0.0,0.0,0.0,0.0,0.0,0.0066046054,-0.0,0.026935242,-0.0,0.004199262,0.0,-0.0,0.0,0.0,0.0,-0.0,0.0,0.0,-0.0,0.0,0.0,-0.0,-0.0,0.0,0.0,0.0,0.0,0.0,0.0,0.024325438,-0.0,-0.0,-0.0,-0.0,0.0,-0.0,-0.0,0.0,0.0,-0.0,-0.0,-0.0,0.0,0.0,0.0,0.0,0.0,0.0,0.074549064,-0.0,0.0,0.0,0.0,0.0,-0.0,0.0,0.0,-0.0,-0.0,0.0,0.0,0.041786678,-0.0,0.015032017,0.0,-0.0,0.0,0.0,-0.0,0.0,-0.0,-0.0,0.0,0.0,0.0,0.0,0.0,0.0,-0.0,-0.0,0.0,0.0,0.0,0.0,-0.0,-0.0,-0.0,0.0,0.0,0.0,0.0,0.0,0.0,0.0,0.0,0.0,0.0054493905,-0.0,0.0,0.0,0.0,-0.0,0.0,-0.0,0.0,0.051969975,0.0,-0.0,0.0,0.0,0.0,-0.0,0.023907898,0.0,-0.0,-0.0,-0.0,0.0,-0.0,0.0,-0.0,0.0,0.0,0.0,-0.0,-0.0,0.0,-0.0,0.0,0.0,-0.0,0.0,-0.0,0.0,0.0,0.007389395,0.0,-0.0,-0.0,0.0,0.0,0.0,-0.0,0.0,-0.0,0.0,0.0,0.0,-0.0,0.0,0.0,0.0,-0.0,0.0,-0.0,-0.0,-0.0,-0.0,-0.0,-0.0,-0.0,0.0,0.0
Gene_77,-0.0,0.0,-0.0,0.0,0.0,-0.024463044,-0.0,-0.0,0.10514405,0.0,0.0,0.0,0.0,0.0,0.0,0.0,0.0,-0.0,-0.0,0.0,0.0,0.0,-0.0,0.0,0.041612893,0.0,-0.0,-0.0,-0.0,-0.0,0.0,0.0,0.04021576,0.03848229,0.08728402,-0.017977055,0.0,-0.026163962,0.03995892,0.05042797,0.0,0.13399696,-0.019809045,-0.0,0.042455807,-0.0,-0.0,0.0,-0.0,0.0,0.0,0.0,-0.0,-0.0,0.0,-0.0,-0.0,0.0,-0.0,-0.0,0.0,0.04039332,0.0,0.0,-0.0,0.0,0.0,-0.0,0.08259727,0.0,-0.0,0.0,-0.0,-0.0,0.0,0.0,-0.032096956,-0.0,-0.0,0.0,0.0,0.0,0.054776624,0.0,0.05027741,0.0,0.039538838,-0.0,0.04531999,-0.0,0.01862697,-0.0,0.04489426,0.0,-0.0,-0.0,-0.0,0.04636384,0.04525382,-0.018976312,0.0,-0.0,-0.0,0.0,-0.0,-0.0,0.0,-0.0,0.0,0.0,0.0,0.0,0.0,0.03330622,-0.0,-0.0,-0.0,0.0,0.04164188,0.0,0.0,0.0,-0.0,0.0,-0.0,0.0,0.0,0.0,0.0,0.0,0.0,0.0,0.04472532,-0.025454367,0.0,0.0,0.0405186,0.0,0.015773222,0.0,-0.0,0.0,0.059442826,0.0,-0.0,-0.0,0.0,-0.0,-0.0,0.0,0.07006844,-0.0,-0.028860139,-0.0,0.0,-0.0,0.0,-0.026116498,-0.0,0.0,0.0,-0.0,-0.0,0.0,-0.0,0.0,0.035025544,-0.0,0.0,0.0,-0.0,-0.0,-0.0,0.0393699,-0.0,-0.0,0.0,0.0,0.0,-0.0,0.0,-0.0,0.04568435,0.0,0.0,0.0,0.047917318,0.012294771,0.0,-0.0,-0.0,-0.0,-0.0,-0.0,-0.0,-0.0,-0.0,-0.0,0.0,0.047390137
Gene_78,0.0,0.0,0.011929268,0.0,0.0,-0.0,0.0,-0.0,-0.0,0.0,-0.0,0.0,0.0,0.0,0.0,0.0,0.010474228,0.0,0.0,0.0,-0.0,-0.0,0.0,0.0,0.0,0.0,-0.0,-0.0,0.0,-0.0,0.0,0.0,0.011671859,0.0,0.0,-0.0,-0.0,0.0,0.0,-0.0,0.0,-0.0,0.0,0.0,-0.0,-0.0,0.0,0.0,-0.0,0.0,-0.0,-0.0,0.0,0.0,-0.0,-0.0,0.0,0.0,0.0,0.0,0.0,-0.0,-0.0,0.0,0.0,0.0,0.0,0.0,0.0,-0.0,-0.0,-0.0,-0.0,-0.0,0.0,-0.0,-0.0,0.0,-0.0,0.0,0.010096546,-0.0,0.0,0.0,0.0,-0.0,-0.0,0.0,-0.0,0.016601503,0.0,-0.0,0.0,-0.0,-0.0,-0.0,0.0,-0.0,0.0,-0.0,-0.0,0.0,0.0,0.0,0.0,-0.0,-0.0,-0.0,-0.0,0.0,-0.0,0.0,-0.0,0.0,0.0,0.0,-0.0,0.0,0.0,0.0,-0.0,0.0,0.0,-0.0,0.019197652,-0.0,0.0,0.0,0.0,-0.0,-0.0,0.0,0.0,0.0,-0.0,0.0,-0.0,0.0,0.0,-0.0,0.0,0.0,0.0,0.0,-0.0,0.0,0.0,-0.0,-0.0,0.0,-0.0,0.0,0.0,0.02107717,0.0,-0.0,0.0,-0.0,0.0,0.0,-0.0,-0.0,0.0,-0.0,-0.0,0.0,0.0,0.0,-0.0,0.011496278,0.0,0.0,-0.0,-0.0,-0.0,0.0,-0.0,0.0,0.0,0.0,-0.0,0.0,-0.0,0.0,0.0,-0.0,-0.0,-0.0,0.0,-0.0,0.0,0.0,0.0,-0.026398623,-0.0,-0.0,-0.0,-0.0,0.0,0.0
Gene_79,0.0,-0.0,0.0,0.0,0.0,0.0,-0.0,-0.0,0.0,0.04437176,-0.0,0.0,0.0,0.042190652,0.0,0.0,-0.0,0.0,0.0,-0.0,0.0,-0.0,0.0,0.0,0.0,0.048069485,-0.0,0.0,-0.0,0.0,-0.0,-0.0,-0.0,-0.0,-0.0,0.0,-0.0,0.0,-0.0,-0.0,0.0,-0.0,0.0,0.0,-0.0,0.0,0.012471105,0.0,0.0,-0.0,-0.0,0.017963365,0.0,-0.0,-0.0,-0.0,0.0,0.0,0.0,0.049645226,0.0,-0.0,-0.0,-0.0,0.0,0.0,0.0,0.0,0.0,-0.0,-0.0,-0.0,0.0,0.036776487,-0.0,-0.0,0.0,0.0,0.05568188,-0.0,0.0,-0.0,0.0,0.0,-0.0,-0.0,-0.0,0.0,-0.0,0.043668974,0.043237615,0.0,-0.0,0.0,-0.0040029557,-0.0,0.0,-0.0,-0.0,-0.0,0.0,0.0,0.04791334,0.03523185,0.0,0.0,0.0,0.0,-0.0,-0.0,0.0,-0.0,-0.0,-0.0,-0.0,-0.0,-0.0,0.0,-0.0,0.0,-0.036412496,0.05014457,0.044059847,-0.0,-0.008244559,-0.0,-0.0,-0.0,0.0,-0.04030018,-0.0,0.0,-0.0,-0.0,-0.0,-0.0,-0.029056428,-0.0,0.049542107,-0.0,0.06624151,0.049022626,-0.0,-0.0,-0.0,0.0,0.0,-0.0,0.0,0.0,-0.0,0.06587806,0.06553968,0.0,0.08290906,-0.0,0.0,-0.0,-0.0,-0.0,-0.0,0.0,0.0,-0.0,-0.0,0.0,-0.0,0.05172797,-0.0,-0.0,0.0,-0.0,0.054394074,-0.031209596,0.024385799,0.0,-0.028613567,-0.0,0.0,0.04175399,-0.0,0.0,-0.0,0.0,-0.016725084,-0.0,-0.0,0.0,0.0,0.0,0.0,0.045790497,0.0,-0.013155551,-0.0,-0.0,0.0,0.0,0.0,-0.0
Gene_80,-0.0,0.0,-0.0,0.0,-0.0,-0.0,0.0,-0.0,0.0,0.0,0.0,0.0,0.0,-0.0,0.0,-0.0,0.046509653,0.0,-0.0,0.0,0.0,0.0,-0.0,0.0,0.0,0.0,-0.0,-0.0,-0.0,-0.0,0.0,0.0,0.0,0.0,0.0,-0.0,0.0,-0.0,0.0,0.0,-0.0,0.0,-0.0,-0.0,0.0,-0.0,0.0,0.0,-0.0,0.0,0.028228441,0.0,-0.0,0.0,0.0,0.0,0.0,0.0,-0.0,-0.0,0.0,0.0,0.0,0.0,0.0,0.0,0.0,-0.0,-0.0,0.0,-0.0,0.0,-0.0,-0.0,0.0,0.0,-0.0,-0.0,-0.0,0.0,-0.0,0.0,0.0,0.0,0.03696244,0.0,0.0,-0.0,0.0,-0.0,-0.0,-0.0,0.0,0.0,-0.0,-0.0,-0.0,0.0,0.0,-0.0,-0.0,0.0,-0.0,0.0,0.0,-0.0,0.0,-0.0,0.0,0.0,0.0,0.0,0.0,0.0,0.0,-0.0,-0.0,0.0,0.0,0.0,0.0,-0.0,-0.0,0.028134031,0.0,0.0,0.0,0.0,0.0,0.0,0.0,0.0,0.0,-0.0,0.0,0.051682748,0.0,0.0,-0.0,0.0,-0.0,0.0,0.051549092,0.0,0.0,0.0,0.0,0.0,-0.0,0.0,0.0,-0.0,-0.0,-0.0,-0.0,-0.0,0.0,-0.0,-0.0,0.0,0.0,-0.0,-0.0,0.0,-0.0,0.0,0.045757104,-0.0,0.0,0.0,0.0,-0.0,-0.0,0.0,-0.0,-0.0,0.0,0.0,0.0,-0.0,0.0,-0.0,0.0,0.0,0.0,-0.0,0.0,0.0,0.0,-0.0,-0.0,-0.0,-0.0,-0.0059192516,0.0,-0.0,-0.0,-0.0,0.0,0.0
Gene_81,-0.0,0.0,-0.0,0.0,0.0,-0.0,-0.0,-0.0,0.0,0.0,0.0,0.0,0.0,0.0,0.0,0.0,0.0,0.0,-0.0,-0.0,0.0,0.0,-0.0,0.0,0.0,0.0,-0.0,-0.0,-0.0,-0.0,0.0,0.0,0.0,0.0,0.0,-0.012774508,0.0,-0.0,0.0,0.0,0.0,0.0,-0.0,-0.0,0.0,-0.0,-0.0,0.0,-0.0,0.0,0.0,0.0,-0.0,-0.0,0.0,-0.0,0.0,0.0,-0.0,-0.0,0.0,0.0,0.0,-0.0,0.0,0.0,0.0,-0.0,-0.0,-0.0,-0.0,-0.0,-0.0,-0.0,0.0,0.0,-0.0,-0.0,0.0,0.0,0.0,0.0,0.04931686,0.0,0.0,-0.0,0.0,0.0,0.0,0.0,0.0,-0.0,0.0,0.0,-0.0,-0.0,0.045433626,0.0,0.0,-0.0,0.0,0.0,-0.0,0.038158234,0.0,-0.0,0.0,-0.0,-0.0,0.0,0.0,0.0,-0.0,0.0,-0.0,-0.0,-0.0148796,0.05973942,0.0,0.0,-0.0048821843,0.0,0.0,-0.0,-0.0,0.0,0.0,-0.0,0.0,-0.0,0.0,0.0,0.0,-0.0,0.0,0.0,-0.0,0.048374977,0.0,-0.0,0.0,0.048632864,0.0,-0.0,-0.0,0.0,0.0,-0.0,-0.0,0.0,0.0,0.0,0.0,-0.0,0.0,-0.0,0.0,-0.03854186,-0.0,0.0,0.0,-0.0,-0.0,-0.0,-0.0,0.0,0.0,0.0,-0.0,-0.0,0.0,-0.0,0.0,0.0,-0.0,-0.0,-0.0,0.0,0.046659674,0.0,0.0,0.0,0.0,0.0,0.0,-0.0,0.0,0.0,0.0,-0.003704874,0.0,0.0,0.0,-0.0,-0.0,-0.0,-0.0,-0.0,0.0,0.0
Gene_82,0.0,-0.0,0.0,0.0,0.0,0.0,-0.0,-0.0,-0.0,0.0,-0.0,0.0,-0.0,0.0,0.0,0.09355338,-0.0,0.0,0.023971599,-0.0,-0.0,-0.0,0.0,-0.0,-0.0,0.0,0.018059056,0.0,-0.0,0.0,-0.0,-0.0,-0.0,-0.0,-0.0,0.0,-0.0,0.037016816,-0.0,-0.0,0.0,-0.0,0.0,0.0,-0.0,0.0,-0.0,0.0,0.0,-0.0,-0.0,0.0,0.0,0.0,0.0,-0.0,0.0,0.0,-0.0,0.048230562,0.0,-0.0,-0.0,-0.0,0.0,-0.0,-0.0,0.0,0.0,-0.0,0.0,-0.0,0.0,0.0,-0.0,-0.0,0.0,0.0,0.050063964,-0.0,0.0,0.0,-0.0,0.0,-0.0,-0.0,-0.0,0.0,-0.0,0.039968684,0.0,0.0,-0.0,0.0,-0.0,0.0,0.0,-0.0,-0.0,0.0,-0.0,0.0,0.0,0.0,0.0,0.0,0.0,-0.0,-0.0,-0.0,0.0,-0.0,-0.0,-0.0,-0.0,-0.022148805,-0.0,-0.0,-0.0,0.0,-0.0,0.039810266,0.04161504,-0.0,-0.0,0.0,-0.0,-0.0,0.0,-0.0,-0.0,-0.0,-0.0,0.0,-0.0,-0.0,-0.0,-0.0,0.0,0.0,0.0,0.0,0.002557721,-0.016740955,-0.0,0.0,-0.0,-0.0,0.0,0.0,-0.0,0.058773335,0.06526724,0.0,0.0,-0.0,0.0,-0.0,0.0,0.0,0.0,0.0,0.0,-0.0,-0.0,0.0,-0.0,0.0,-0.0,-0.0,0.0,-0.0,0.0,-0.0,0.0,-0.0,-0.0,-0.0,0.0,0.0,-0.0,0.055840105,-0.0,0.0,-0.0,-0.014224137,-0.0,0.0,0.0,0.0,0.0,0.039505307,0.0,-0.0,-0.0,-0.0,-0.0,0.0,0.0,-0.0
Gene_83,-0.0,0.0,-0.0,-0.0,-0.0,-0.0,-0.0,-0.0,0.0,-0.0,-0.0,-0.0,-0.0,-0.02111137,-0.0,-0.0,0.0,-0.0,-0.0,-0.0,-0.0,0.0,0.0,-0.0,-0.0,-0.0,0.0,-0.0,-0.0,0.0,-0.022750383,0.0,-0.0,0.0,0.0,0.0,0.0,-0.0,0.0,0.0,-0.0,0.0,-0.0,-0.0,0.0422248,0.0,-0.038876202,0.0,-0.0,-0.0,0.0,-0.0,-0.0,0.0,0.0,-0.0,-0.0,-0.0,-0.0,-0.0,-0.0,0.0,0.03541583,0.0,-0.0,-0.024991874,-0.0,0.0,-0.0,0.0,0.0,-0.0,-0.0,-0.0,0.044741675,0.0,-0.0,-0.0,-0.0,-0.0,-0.0,0.0,-0.0,-0.03759657,0.0,0.09943058,0.0,-0.0,0.0,-0.0,-0.0,0.0,0.0,0.0,0.0,0.08868859,-0.0,0.0,0.0,0.0,0.0,-0.036053795,-0.0,-0.011114561,-0.0,-0.0,0.04191791,0.0,0.0,-0.0,0.0,-0.0,0.0,-0.0,0.0,-0.0,0.0,-0.0,0.0,-0.0027538445,0.03611274,-0.0,-0.0,0.0,0.0,0.076469064,-0.0,-0.0,0.0,0.0,0.0,-0.0,0.0,-0.0,0.1405946,0.010038098,0.0,0.0,-0.021470629,0.0,-0.043846942,-0.0,0.0,0.0,0.10518578,-0.0,-0.0,0.095839925,0.0,0.0,0.0,-0.0,-0.0,-0.034716193,-0.0,0.0,-0.0,0.0,-0.0,0.0,0.08242755,-0.0,-0.0,-0.0,0.0,-0.0,0.0,-0.0,0.0,-0.0,-0.019848958,-0.0,-0.0,0.0413442,-0.0,-0.0,0.0449187,-0.0,0.0,-0.0,0.0,-0.0,0.04456539,0.0,0.0,0.0,0.0,0.0,-0.0,0.0,-0.0,-0.0,-0.0,0.054026246,0.0,0.0,-0.0,0.10570546,-0.023091571,0.0
Gene_84,0.0,-0.0,0.0,0.0,0.0,0.0,-0.0,-0.0,-0.0,0.0,0.03661133,0.0,-0.0,0.0,0.0,0.0,-0.0,0.0,0.0,-0.0,-0.0,-0.0,0.0,0.0,-0.0,0.0,-0.0,0.0,-0.0,0.0,-0.0,-0.0,-0.0,-0.0,-0.0,0.0,-0.0022379095,0.0,-0.0,-0.0,0.0,-0.0,0.0,0.0,-0.0,0.0,-0.0,0.0,0.0,-0.0,-0.0,0.0,0.0,0.0,0.0,-0.0,0.0,0.0,-0.0,0.049527705,0.0,-0.0,-0.0,-0.0,0.0,0.004633504,0.0,0.08737784,0.0,-0.0,0.0,0.04295134,0.0,0.0,-0.0,-0.0,0.0,0.038813993,0.06504717,-0.0,0.0,-0.0,-0.0,0.0,-0.0,-0.0,-0.0,0.0,-0.0,0.052258592,0.0,0.0,-0.0,0.0,-0.0,0.0,0.065951444,-0.0,-0.0,0.0,0.0,0.0,0.0,0.0,0.0,0.0,0.0,-0.0,-0.016045164,0.0,0.0,-0.0,-0.0,-0.0,-0.0,-0.0,-0.0,-0.0,-0.0,0.0,-0.035576377,0.041810606,0.0,-0.0,-0.0,0.0,-0.0,-0.0,0.0,-0.03675207,-0.0,-0.0,-0.0,-0.0,-0.0,-0.0,-0.034325846,-0.0,0.023230359,-0.0,0.0,0.0,-0.0,0.007641768,-0.0,0.0,-0.0,0.0,0.0,0.0,-0.0,0.0,0.064070605,0.0,0.0,-0.0,0.0,-0.0,0.0,0.0,-0.0,0.0,0.0,-0.0,-0.0,0.0,-0.0,0.0,-0.0,-0.0,0.0,-0.0,0.05014148,-0.0,0.0,-0.0,-0.0,-0.0,0.0,0.048013,-0.0,0.0,-0.0,-0.0,-0.020930864,-0.0,-0.0,0.0,0.048626583,0.0,0.0,0.0,0.0,-0.0,-0.0,-0.0,-0.0,0.0,0.0,-0.0
Gene_85,0.0,-0.0,0.0,-0.0,-0.0,0.0,0.0,0.047885355,0.0,0.0,0.0,0.0,0.0,0.0,-0.0,-0.0,-0.0,0.08748232,0.0,-0.0,0.0,-0.0,-0.0,0.0,-0.0,0.0,-0.0,0.040319435,0.045694042,-0.0,0.0,-0.0,0.0,-0.0,-0.0,0.0,-0.0,0.0,-0.0,-0.0,-0.0,-0.0,0.0,0.0,-0.0,0.0,0.0,-0.0,0.0,0.0,-0.0,-0.0,0.0,-0.0,-0.0,0.0,0.0,-0.0,0.0,-0.0,-0.0,-0.0,-0.019048711,-0.0,-0.0,0.0,0.0,-0.0,-0.0,0.0,-0.0,0.0,0.04107843,0.0,-0.0,-0.0030815303,0.0,0.05067859,-0.0,0.0,0.0,-0.0,-0.0,-0.0,-0.0034233965,-0.0,0.02104175,0.0,-0.0,0.0,0.0,-0.0,-0.0,-0.0,0.0,-0.0,0.0,-0.0,-0.0,0.015393669,0.0,0.0,0.0,-0.0,-0.0,0.0,-0.0,0.0,0.0,-0.0,-0.0,0.0,-0.0,-0.0,-0.0,0.0,0.0,0.0,-0.0,-0.0,-0.0,-0.0,0.0,0.0,0.0,-0.0,0.0,0.0,-0.0,-0.0,-0.029618023,-0.0,-0.0,0.0,-0.0,-0.0,0.0,0.028242428,0.0,0.0,0.0,-0.0,-0.0,-0.0,0.0,-0.0,0.0,-0.0,-0.0,-0.0,-0.0,0.0,-0.0,0.0,0.05911458,0.0,-0.0,0.0,0.0,-0.0,-0.0,0.0,0.0,0.0,0.0,-0.0,-0.0,0.0,-0.0,0.0,0.043453995,0.0,-0.0,-0.0,0.0,0.0,-0.0,-0.0,-0.0,-0.0,-0.0,-0.0,-0.0,-0.0,0.0,0.0,-0.0072079613,-0.0,-0.0,-0.0,0.0,0.0,-0.0,-0.0,-0.0,-0.0,0.0,-0.0,0.0,-0.0
Gene_86,-0.0,0.0,-0.0,0.0,0.0,-0.0,-0.0,-0.0,0.0,-0.0,-0.0,-0.0,-0.0,-0.0,-0.0,-0.0,0.0,-0.0,0.0,-0.0,-0.0,0.0,-0.0,-0.0,-0.0,-0.0,0.0,-0.0,-0.0,-0.0,-0.0,0.0,-0.0,0.0,-0.0,0.0,0.0,-0.0,0.0,0.0,-0.0,0.0,-0.0,-0.0,0.0,0.0,-0.0,0.0,-0.0,-0.0,-0.0,-0.0,-0.0,0.0,0.0,0.0,-0.0,-0.0,-0.0,-0.0,-0.0,0.0,0.0,0.0,0.0,-0.0,-0.0,-0.0,-0.0,0.0,0.0,-0.0,-0.0,-0.0,0.0,0.0,-0.0,-0.0,-0.0,-0.0,-0.0,0.0,0.0,-0.0,0.0,0.0,0.0,-0.0,0.0,-0.0,-0.0,0.0,0.0,0.047370978,0.0,0.0,-0.0,0.0,0.0,0.0,0.0,-0.0,-0.0,-0.0,-0.0,-0.0,0.0,0.027904892,0.0,-0.0,0.0,-0.0,0.0,0.0,0.0,-0.0,0.0,-0.0,0.0,-0.0,0.0,-0.0,-0.0,0.0,-0.0,0.0,-0.0,-0.0,0.0,0.0,0.0,-0.0,0.0,-0.0,0.0,0.0,0.0,-0.0,-0.0,0.029050106,0.02339648,-0.0,0.0,0.009794568,-0.0,-0.0,-0.0,0.0,0.0,0.027648175,0.0,-0.0,-0.0,-0.0,-0.0,-0.0,-0.0,-0.0,-0.0,0.0,0.0,-0.0,-0.0,0.0,0.0,0.0,0.0,-0.0,0.0,-0.0,-0.0,-0.0,-0.0,0.0,-0.0,-0.0,0.0,-0.0,0.0,-0.0,0.0,-0.0,0.0,0.0,0.03355162,0.0,0.0,0.0,-0.0,0.0,-0.0,-0.0,-0.0,0.0,0.0,0.0,-0.0,0.0,-0.012123977,0.0
Gene_87,-0.0,0.0,-0.0,0.0,0.0,-0.0,0.0,-0.0,-0.0,0.0,0.0,0.0,0.0,0.0,0.0,0.0,0.0,0.0,-0.0,0.0,0.03027652,0.0,-0.0,0.0,0.0,0.0,-0.0,-0.0,0.0,-0.0,0.0,0.0,0.0409838,0.0,0.10835998,-0.0,0.0,-0.0,0.0,0.0,0.0,0.0,-0.0,0.0,0.0,-0.0,0.0,0.0,-0.0,0.057788424,0.0,0.0,0.0,0.0,0.0,-0.0,0.0,0.0,0.0,-0.0,0.0,0.0,0.0,0.0,-0.0,0.0,0.0322568,-0.0,-0.0,-0.0,-0.0,0.0,-0.0,-0.0,0.0,0.0,-0.0,-0.0,-0.0,0.0,0.0,-0.0,0.0,0.03658857,0.0,-0.0,0.0,0.0,0.0,0.0,0.0,-0.0,0.0,-0.0,-0.0,-0.0,0.0,0.0,0.0,-0.0,-0.0,0.0,-0.0,0.0,0.0,-0.0,-0.0,-0.0,-0.0,0.0,-0.0,0.0,-0.0,0.0,0.0,-0.0,-0.0,0.049780235,0.0,0.045289863,0.0,0.0,-0.0,-0.0,-0.0,-0.0,0.0,0.0,0.0,-0.0,0.0,0.029399829,0.0,-0.0,-0.0,0.0,0.0,0.0,0.0,-0.0,0.0,0.0,0.06667607,0.0,-0.0,0.0,0.0,-0.0,-0.011714715,0.0,0.0,0.0,-0.016520288,-0.0,0.0,0.0013905574,0.0,-0.0,0.0,0.0,-0.0,-0.0,0.0,0.0,-0.0,0.0,0.0,0.0,-0.0,0.0,0.0,0.0,-0.0,0.0,-0.0,0.0,-0.0,0.0,0.0,-0.0,0.0,0.0,0.0,0.0,0.0,-0.0,0.0,0.0,0.0,-0.0,0.0,-0.0,-0.0,-0.027435722,-0.0,-0.0,-0.0,-0.0,0.0,0.0
Gene_88,0.0,-0.0,0.051765945,0.0,-0.0,0.0,0.0,0.05434606,0.0,0.0,0.0,0.0,0.0,0.0,-0.0,-0.0,-0.0,0.0,-0.0,0.0,0.0,-0.0,-0.0,0.0,0.0,0.0,-0.0,0.0,0.047588643,-0.0,0.05942512,-0.0,0.0,0.0,0.0,-0.0,0.014002673,-0.0,-0.0,-0.030540623,0.0,0.0,-0.0,0.0,-0.0,-0.0,0.046969675,-0.027116526,0.0,0.0,0.0,-0.0,0.0,-0.0,-0.0,0.0,-0.0,-0.0,0.054314192,-0.0,0.018025553,0.0,-0.0,-0.0,-0.01683577,0.06923628,0.0,-0.0,-0.0,0.0,0.06177285,0.11960664,0.05295375,0.0,-0.0,0.0,0.0,0.0,-0.0,0.0,0.0,-0.0,0.0,0.0,0.0,-0.0,0.0,0.0,-0.0,-0.0,0.0,-0.0,0.0,-0.026300352,0.0,0.007771722,-0.0,0.0,-0.0,-0.0,0.0,0.0,0.0,-0.0,-0.0,-0.0,-0.025300378,0.0,0.0,0.0,-0.0,0.0,-0.0,0.0,-0.0,0.041824277,0.0,0.0,-0.0,-0.0,-0.0,-0.0,0.0,0.022533253,0.0,-0.0,0.0,0.13980912,-0.0,0.0,-0.0,0.0,-0.0,0.0,-0.0,0.0,0.0,-0.0,0.0,0.0,0.0,-0.0,-0.0,-0.0,0.0,-0.0,0.0,0.022032946,-0.0,-0.0,0.0,0.0,-0.0,0.0,-0.0,-0.013819981,0.0,0.024650611,-0.0,-0.026611451,-0.0,0.0,0.051939867,0.037996136,0.0,-0.0,-0.0,0.0,-0.0,0.0677665,0.0,0.0,-0.0,-0.0,0.0,0.0,0.0,0.0,-0.0,-0.0,-0.0,0.006679344,-0.0,-0.0,0.0,0.0,-0.0,-0.0,-0.0,-0.0,-0.0,-0.0,-0.0,-0.0,-0.0,-0.0,0.052979667,0.029824926,0.0,-0.0
Gene_89,0.0,-0.0067729955,0.0,-0.0,-0.0,0.0,0.0,0.05107516,0.0,0.0,0.0,0.0,-0.0,0.0,-0.0,0.0,-0.0,-0.0,0.0,0.0,0.0,0.0,0.0,-0.0,-0.0,-0.0,0.0,0.0,0.0,0.016149143,0.0,-0.0,-0.0,-0.0,-0.0,0.0,-0.0,-0.0,-0.0,-0.0,-0.0,0.0,-0.0,0.0,-0.0,-0.0,0.0,-0.0,0.0,0.0,0.0,-0.0,0.12812757,-0.0,-0.0,0.0,-0.0,-0.0,0.0,-0.0,-0.0,-0.0,-0.0,0.0007718554,-0.0,0.0,-0.0,-0.0,-0.0,0.11881869,-0.0,0.0,0.0,0.0,-0.0,-0.0,0.0,0.0,-0.0,-0.0,0.0,-0.0,-0.0,-0.0,-0.0036547997,0.0,0.0,0.0,-0.0041171205,-0.0,-0.0,-0.0,0.0,-0.0,0.0,-0.0,-0.0,0.0,-0.0,0.0,0.0,0.0,0.0,-0.0,-0.0,0.0,-0.0,0.0,0.0,0.0,-0.0,0.0,-0.0,-0.0,-0.0,0.0,0.0,-0.0,-0.0,-0.0,0.0,-0.0,0.0,0.0,0.0,-0.0,0.0,0.0,-0.0,0.0011128408,-0.0,-0.0,-0.0,0.0,-0.0,-0.0,0.0,-0.0,0.0,0.0,-0.0,-0.0,-0.0,-0.0,0.0,-0.0,-0.0,-0.0,0.0,-0.0,-0.0,0.0,-0.0,0.0,-0.0,0.0,-0.0,0.0,-0.0,-0.009829327,-0.0,0.0,0.0,0.0,0.0,-0.0,-0.0,0.0,-0.0,0.0,0.0,0.0,-0.0,-0.0,0.0,0.0,0.0,0.0,-0.0,-0.010825959,-0.0,-0.0,0.0072166426,-0.0,0.0,0.024518268,-0.0,0.0,-0.0,-0.0,-0.0,-0.004610491,0.0,0.038722854,-0.0,0.0,0.0,-0.0,0.0,-0.0
Gene_90,0.0,-0.0,0.0,0.0,0.0,0.0,-0.0,-0.0,0.0,0.0,0.0,0.0,-0.0,0.012059835,0.0,0.0,-0.0,0.0,0.0,-0.0,0.0,-0.0,-0.0,-0.0,-0.0,0.0,0.022507906,0.0,-0.0,-0.0,-0.0,-0.0,-0.0,-0.0,-0.0,0.0,-0.0,0.0,-0.005533457,0.0,0.0,0.0,-0.0,0.0,-0.0,-0.0,-0.0,0.0,0.0218741,0.0,-0.0,0.0,-0.0,-0.0,0.0,-0.0,0.0,0.0015921706,0.0,0.0,-0.0,0.0,-0.0,-0.0,0.0,0.0,0.0,0.0,-0.0,0.0,-0.0,-0.0,0.0,0.0,-0.0,-0.0,0.0,0.0,0.0,0.0,0.0,-0.0,0.0,0.0,-0.0,-0.0,0.0,0.0,-0.0,0.0,0.0,-0.0,0.0,0.0,-0.0,-0.0,0.0,0.0,-0.0,-0.0,0.0,0.0,0.0,0.0,-0.0,0.0,0.0,0.0,-0.0,-0.0,-0.0,0.0,-0.0,0.0,-0.0,-0.0,-0.0,0.0,-0.0,0.013550742,-0.0,0.0,0.0,-0.0,-0.0,0.0,-0.0,-0.0,-0.0,-0.0,-0.0,-0.0,0.0,-0.0,-0.0,-0.0,-0.0,-0.0,0.0,-0.0,0.0,0.0,-0.0,-0.0,-0.0,-0.0,0.0,-0.0,-0.0,0.030756341,-0.0,0.0,0.0,0.0,0.0,-0.0,0.0,-0.0,-0.0,-0.0,0.0,0.0,0.0,-0.0,-0.0,0.0,-0.0,0.0,0.0,-0.0,0.0,-0.0,0.0,-0.0,0.002270107,0.0,-0.0,-0.0,0.021439793,0.0,-0.0,0.0,0.0,-0.0,-0.0,-0.0,0.0,0.019422052,0.0,0.0,0.0,0.0,0.0,-0.0,-0.0,0.0,0.0,0.0,-0.0,-0.0
Gene_91,-0.0,0.0,-0.0,0.0,0.0,-0.0,0.0,-0.0,-0.0,0.0,0.0,0.0,0.0,-0.0,0.0,0.0,0.0,0.0,-0.0,0.0,-0.0,0.0,-0.0,0.0,0.0,0.0,-0.0,-0.0,-0.0,-0.0,0.045052484,0.0,0.0,0.0,0.0,-0.0,0.0,-0.0,0.0,0.0,0.0,0.0,-0.0,-0.0,0.0,-0.0,0.0,0.0,-0.0,0.0,0.0,0.0,-0.0,0.0,-0.0,-0.0,0.0,0.041766636,-0.0,-0.0,0.0,0.0,0.0,0.0,0.0,0.0,0.0,-0.0,-0.0,0.0,-0.0,0.0,-0.0,-0.0,0.0,0.0,-0.0,0.021907944,-0.0,0.0,0.0,0.0,0.0,0.0,0.038273863,-0.0,-0.0,-0.0,0.0,-0.0,0.0,-0.0,0.046593376,0.0,-0.0,-0.0,0.0,0.0,0.0,-0.0,0.0,-0.0,-0.023359656,0.0,0.0,-0.0,0.0,-0.0,-0.0,0.0,0.0,0.0,0.0,0.0,0.0,-0.0,0.017664874,0.0,0.0,0.0,0.0,-0.0,-0.0,0.023369413,0.0,-0.0,0.0,0.0,0.0,0.0,0.0,0.04449199,0.034313362,-0.001756632,0.0,0.0,0.0,0.0,-0.0,0.0,-0.0,0.0,0.050322935,0.0,-0.0,0.0,0.0,0.0,-0.0,0.0,0.0,-0.0,-0.0,-0.0,-0.0,-0.0,-0.0,-0.0,0.0,0.0,0.0,-0.0,-0.0,0.0,-0.0,0.0,0.0,-0.0,-0.0,-0.0,0.0,0.0,-0.0,0.0,-0.0,-0.0,0.0,0.0,0.0,-0.0,0.0,-0.0,0.0,0.0,0.0,-0.0,0.0,0.0,0.0,-0.02349575,0.0,-0.0,0.0,-0.0,0.0,-0.0,-0.0,-0.0,0.0,0.0
Gene_92,-0.0,0.0,-0.0,0.0,0.0,-0.0,-0.0,-0.0,0.0,0.0,0.0,0.0,0.050671335,0.0,0.0,0.0,0.0,0.0,-0.0,0.0,0.0,0.0,-0.0,0.0,0.0,0.0,-0.0,-0.0,-0.0,-0.0,0.0,-0.0,0.0,0.0,0.0,-0.0,0.0,-0.0,0.0,0.03895465,0.0,0.0,-0.0,0.0,0.0270434,-0.0,0.0,0.0,0.0,0.0,0.0,0.0,-0.0,-0.0089729475,0.0,-0.0,0.1127654,0.0,-0.0006033149,-0.0,0.0,0.0,0.0,-0.0,-0.0,0.0,0.0,-0.0,-0.0,-0.0,-0.0,0.0,0.0,-0.0,0.0,0.0,-0.0,-0.0,-0.0,0.0,0.0,0.0,0.0,0.0,0.0,-0.0,0.0,0.0,0.0,0.0,0.0,-0.0,0.0,0.0,-0.0,-0.0,-0.0,0.0,0.0,-0.0,0.0,-0.0,-0.0,0.0,0.0,0.0,0.0,-0.0,0.0,0.0,0.0,0.0,-0.0,0.0,-0.0,-0.0,-0.0,0.0,0.0,0.0,0.0,0.0,-0.0,-0.0,-0.0,0.0,0.0,0.0,0.0,0.0,0.0,0.0,0.0,-0.0,0.0,0.0,0.0,0.0,0.0,0.0,0.0,0.0,0.0,0.0,-0.0,-0.0,0.0,-0.0,-0.0,-0.0,0.0,0.0,-0.0,-0.0,0.0,-0.0,0.0,-0.031181341,0.0,0.0,0.0,-0.012463717,-0.0,0.0,-0.0,0.0,0.0,0.0,-0.0,0.0,0.0,-0.0,-0.0,0.0,-0.0,-0.0,0.0,0.0,0.0,-0.0,0.0,-0.0,0.0,0.0,0.0,0.0,0.0,0.0,0.0,0.0,-0.0,-0.0,0.0,-0.0,-0.0,-0.0,0.0,-0.0,0.041941088,0.0
Gene_93,-0.021032315,0.026533375,-0.0,0.0,-0.0,-0.017411996,0.0,-0.0,-0.0,0.0,0.0,0.0,0.024079917,-0.0,0.0,0.0,0.039531305,0.0,-0.0,0.0,-0.0,0.0,-0.0,0.0,0.027374614,-0.0,-0.0,-0.018480115,-0.0,-0.0,0.0,0.040065937,0.030109307,0.025831796,0.06459337,-0.010530896,0.031224456,-0.013754012,0.031241538,0.03193938,0.0,0.0,-0.0,-0.0,0.032885905,-0.0,-0.0,0.0071277465,-0.02010004,0.0,0.027046792,0.0,-0.0,0.0,0.0,-0.0,0.0,0.030915909,-0.0,-0.027092565,0.0,0.0,0.03248934,0.039445367,0.0,0.0,0.0,-0.0,-0.0,0.0,0.0,0.0,-0.0,-0.02810016,0.03462795,0.026639031,-0.029419856,-0.0,-0.020998346,0.009971599,-0.0,0.0,0.03029566,0.0,0.0376158,0.0,-0.0,-0.0,0.0,-0.0,-0.0,-0.0,0.028417267,0.0,0.0,-0.0,-0.0,0.0,0.03957442,-0.0,-0.0,-0.0,-0.031149369,0.0,0.0,-0.0,0.0,-0.0,0.0,0.0,0.0,0.028204236,0.0,0.020633373,0.0,-0.0,0.0,0.0,0.032820124,0.0,0.031419285,-0.0,-0.020688176,0.0,0.0,0.0,0.0,0.0,0.031989288,0.0,0.024565127,0.02872453,0.0,-0.0,0.0,0.0,0.035831347,0.043802835,-0.0,0.0,-0.0,0.0024485553,0.047504906,0.026379168,-0.0,0.0,0.0,0.0,-0.0,0.0,0.047227137,-0.0,-0.026309276,-0.0,-0.0,-0.0,-0.0,-0.0,0.0,0.0,0.0,-0.01649248,-0.0,0.0,-0.0,0.02219285,0.035598285,-0.0,0.0,-0.0,0.022320528,0.0,-0.017788129,0.031197436,-0.0137838945,-0.0,0.0,0.0,0.0,-0.0,0.03466541,-0.0,0.0,0.03283411,0.0348519,0.0,0.030168837,0.0,0.0,-0.0,-0.0,-0.0,0.036395367,-0.0,0.0,-0.0,-0.0,-0.0,0.0,0.036212936
Gene_94,0.0,-0.0,0.0,0.0,0.0,0.0,-0.0,0.0,0.0,0.0,0.0,-0.0,-0.0,0.0,0.0,0.0,-0.0,-0.0,0.0,-0.0,0.047555786,0.0,0.0,-0.0,-0.0,0.0,0.025008326,0.0,-0.0,0.0,-0.0,-0.0,0.005263367,0.0008521247,-0.0,0.0,-0.0,-0.0,-0.0,-0.0,0.0,0.0,-0.0,0.0,-0.0,-0.0,-0.0,0.0,0.0,0.027215911,-0.0,0.0,0.0,-0.0,-0.0,-0.0,0.0,-0.0,0.0,0.0,-0.0,0.0,-0.0,-0.0,0.0,-0.0,-0.0,0.0,-0.0,-0.0,-0.0,-0.0,0.0,0.0,-0.0,-0.0,0.0,0.0,0.0,-0.0,0.0,0.0,0.0,-0.0,-0.0,-0.0,0.0,0.0,0.0,0.0,0.0,0.0,0.0,0.0,-0.0,-0.0,-0.0,0.0,-0.0,0.0,0.0,-0.0,0.0,-0.0,-0.0,0.0,0.0,0.0,0.0,0.0,-0.0,-0.0,-0.0,-0.0,-0.017438808,-0.0,-0.0,-0.0,-0.0,-0.0,-0.0,0.0,0.0,0.025239453,-0.0,0.0,-0.0,-0.0,-0.0,-0.0,-0.0,-0.0,0.0,-0.0,0.0,-0.0,-0.0,-0.0,0.0,0.0,0.0,0.04533785,-0.0,-0.0,-0.0,-0.0,0.0,-0.0,0.0,0.0,-0.0,0.0,0.0,0.0,0.0,-0.0,0.0,-0.0,-0.0,-0.0,0.0,0.0,0.0,-0.0,-0.011938999,0.0,-0.0,0.0,0.0,0.0,-0.0,-0.0,0.0,-0.0,0.0,-0.0,-0.0,-0.0,0.0,0.0,-0.0,0.0,0.0,-0.0,-0.0,0.0,-0.0,0.0,-0.0,0.0,0.0,0.0,0.0,0.0,-0.0,-0.0,0.0,0.0,-0.0,-0.0
Gene_95,-0.0,0.0,-0.0,0.0,0.108710825,-0.0,-0.0,-0.0,0.0,0.0,0.0,0.0,0.0,0.0,0.0,0.0,0.028413765,0.0,0.0,-0.0,0.0,0.0,-0.0,-0.0,0.0,0.0,-0.0,-0.0,-0.0,-0.0,0.0,-0.0,0.0,0.0,0.0,-0.0,0.0,-0.0,0.0,0.0,0.0,0.0,-0.0014623062,0.0,0.029363163,-0.0,-0.0,0.0,-0.0,0.0,0.0,0.0,-0.0,-0.005279308,0.0,0.0,0.0,0.0,0.0,-0.0,0.0,0.0,0.0,0.0,0.0,0.0,0.0,-0.0,-0.0,-0.0,0.0,0.09324293,0.016732713,-0.0,0.0,0.0,-0.0,-0.0,0.0,0.0,0.0,0.0,0.0,0.0,0.0,0.0,0.0,0.0,0.0,0.0,0.0,-0.0,0.0,0.0,-0.0,-0.0,-0.0,0.0,0.0,-0.0,0.0,-0.0,-0.0,0.0,-0.0,0.0,0.0,0.0,0.0,0.0,0.0,0.0,-0.0,0.0,-0.0,-0.0,-0.0,0.0,0.0,0.0016717645,0.012770103,0.0,0.0,-0.0,-0.0,0.0,-0.0,-0.0,0.0,0.0,0.0,-0.0,0.0,-0.0,0.0,0.0,0.0,0.0,0.0,-0.0,-0.0,0.0,0.0,0.0,-0.0,-0.0,0.0,-0.0,-0.0,0.0,0.0,0.0,-0.0,-0.0070106783,0.0,-0.0,0.0,-0.0,0.0,0.0,0.0,-0.0,-0.0,0.0,-0.0,0.0,0.0,0.0,0.0,0.0,-0.0,-0.0,0.0,0.0,-0.0,-0.0,0.0,-0.0,0.0,0.0,0.0,-0.0,0.0,0.0,-0.0,-0.0,0.0,0.0,0.0,0.0,-0.0,0.0,0.0,0.0,-0.0,-0.0,0.012377657,-0.0,0.0,0.0
Gene_96,0.0,0.0,0.0,0.0,0.0,-0.0,0.0,-0.0,0.0,0.03623705,0.0,0.0,0.0,0.041718755,0.0,0.0,0.0,0.0,-0.0,-0.0,0.0,0.0,-0.0,0.0,0.0,0.0,-0.0,0.0,-0.0,-0.0,0.0,-0.0,0.0,0.0,0.0,-0.0,-0.0,-0.0,0.0,0.0,0.0,0.0,-0.0,-0.0,0.0,-0.0,0.0,0.0,0.0,0.0,0.01855431,0.0,-0.0,0.015925247,-0.0,-0.0,0.0,0.0,-0.0,0.0,0.0,0.0,-0.0,-0.0,0.0,0.0,0.0,-0.0,-0.0,-0.0,-0.0,-0.0,0.0,0.0,-0.0,0.0,-0.0,0.0,0.0,0.0,0.036496922,-0.0,0.0,0.0,0.0,-0.0,0.0,0.0,0.0,0.0,0.04328271,-0.0,0.0,0.0,-0.0,-0.0,0.0,0.0,0.0,-0.0,0.0,0.0,0.0,0.040005643,0.0,0.0,-0.0,-0.0,-0.0,0.0,0.0,0.0,0.08131584,0.0,-0.0,-0.0,-0.006948865,0.0,0.0,0.0,-0.0,0.0,0.0,-0.0,-0.0,0.0,0.0,0.0,0.0,-0.0,0.004957853,0.0,0.0,-0.0,-0.0,-0.0,-0.0,0.0,0.0,-0.0,0.0,0.046661265,0.0,-0.0,-0.0,0.0,0.0,-0.0,-0.0,0.0,-0.0,0.0,0.0,0.0,0.08079482,-0.0,0.0,-0.0,0.0,0.0,0.06523034,-0.0,0.0,-0.0,-0.0,0.028806597,0.0,0.0,-0.0,-0.0,0.0,-0.0,0.0,-0.0,0.0,0.0,-0.0,0.0,0.0,0.0,0.0,0.0,0.009531437,0.0,-0.0,-0.0,0.0,0.0,0.0,-0.0,0.0,0.0,0.0,-0.0,0.010644507,-0.0,0.0,-0.0,0.0,0.0
Gene_97,0.0,0.0,0.0,0.0,0.0,-0.0,-0.0,-0.0,0.0,0.0,0.0,0.0,0.0,0.0,0.0,0.06879517,0.0,0.0,-0.0,-0.0,0.0,0.0,0.0,-0.0,0.011432942,0.0,-0.0,0.0,-0.0,0.0,-0.0,-0.0,0.0,0.0,-0.0,-0.0,0.0,-0.0,0.0,0.0,0.0,0.0,-0.0,0.0,0.0,0.0,-0.0,0.0,-0.0,0.0,0.0,0.0,-0.0,-0.0,0.0,-0.0,0.0,0.0,0.0030480856,0.0,0.0,-0.006990379,0.0,-0.0,0.0,-0.0,0.0,0.0,0.0,-0.0,-0.0,-0.0,0.0,0.0,0.0,0.0,0.0,0.0,0.0,0.0,0.0,0.0,0.0,0.0,0.0,-0.0,0.0,-0.0,0.0,0.0,0.0,-0.0,0.0,0.0,-0.0,-0.0,0.0,0.0,0.0,-0.0,-0.0,0.0,0.0,0.0,0.0,-0.0,0.0,-0.0,-0.0,0.0,0.0,0.0,-0.0,0.0,-0.0,-0.0,-0.0,0.0,0.0,0.041218683,-0.0,0.0,0.0,-0.0,-0.0,0.0,-0.0,-0.0,0.0,-0.0,0.017209476,0.0,0.0,-0.0,0.0,-0.0,-0.0,0.0,0.0,0.0,0.0,0.0,0.0,-0.0,-0.0,-0.0,0.0,0.0,-0.0,0.0,-0.0,0.042931147,0.0,0.0,0.0,-0.0,0.0,-0.0,0.0,0.0,0.0,0.019717975,-0.0,-0.0,-0.0,0.0,0.0,0.0,-0.0,-0.0,-0.0,0.012749062,0.0,0.0,0.0,-0.0,-0.0,-0.0,0.0,0.0,0.0,0.0,0.0,0.0,-0.0,-0.0,0.0,0.0,0.0,0.0,0.0,0.026577178,-0.0,-0.0,-0.0,-0.0,-0.0,0.0,-0.0,0.0
Gene_98,0.0,0.0,0.0,-0.0,0.0,0.0,-0.0,0.0,0.0,0.0,-0.0,0.0,-0.0,0.0,0.0,0.0,-0.0,0.0,0.0,-0.0,0.023510987,0.0,0.0,0.06375287,-0.0,0.031112159,-0.0,0.0,-0.0,0.0,-0.0,-0.0,-0.0,0.0,-0.0,0.0,0.0,0.016053507,-0.0,0.0,0.0,0.0,-0.0,0.0,-0.0,-0.0,-0.0,-0.0,0.0,-0.0,0.0,0.009354405,0.0,0.009572713,0.0,-0.0,0.0,-0.0,-0.0,0.0,-0.0,0.0,-0.0,0.0,-0.0,-0.0,-0.0,0.0,-0.0,0.101085804,0.0,-0.0,0.0,0.0,-0.0,0.0,0.0,0.0,0.0,-0.0,0.0,0.0,0.019887798,-0.0,-0.0,-0.0,0.02527392,0.0,0.0,0.0,0.0,0.0,-0.0,0.0,-0.0,0.0,-0.0,0.0,-0.0,0.0,0.0,-0.0,0.0,-0.0,-0.0,0.0,0.0,0.0,0.035434477,-0.0,0.0,0.0,-0.0,0.0,-0.0,-0.0,-0.0,-0.0,-0.0,-0.0,-0.0,0.0,0.0,-0.0,-0.0,0.0,-0.0,-0.0,-0.0,-0.0,0.0,-0.0,0.0,-0.0,0.0,-0.0,0.0,-0.0,0.0,0.0,0.0,0.022420758,-0.0,-0.0,-0.0,-0.0,0.0,-0.0,0.0,0.0,-0.0,0.0,0.0,0.0,0.0,-0.0,0.018726705,-0.0,-0.0,-0.0,0.0,0.0,0.0,0.0012137418,-0.0,0.0,-0.0,0.0,0.0,-0.0,-0.0,-0.0,0.0,-0.0,0.0,-0.0,-0.0,-0.0,0.0,0.0,-0.0,-0.0,0.0,-0.010624486,-0.0,0.0,0.0,0.0,-0.0,-0.0,0.026528962,0.0,-0.0,0.0,-0.0,-0.0,0.0,0.0,-0.0,-0.0
Gene_99,0.0,-0.0,0.0,-0.0,-0.0,0.0,0.0,0.0,0.0,0.0,0.0,0.0,0.0,0.0,0.0,0.0,-0.0,0.0,-0.0,0.0,0.0,-0.0,-0.0,0.0,0.0,0.0,-0.0,0.0,0.029832233,-0.0,0.050103027,-0.0,0.0,-0.0,-0.0,-0.0,-0.0,-0.0,-0.0,-0.0,0.0,0.0,-0.0,0.0,-0.0,-0.0,0.0,-0.0,0.0,0.0,0.0,-0.0,0.0,-0.0,0.07365715,0.0,0.0,-0.0,0.0,-0.0,0.0,-0.0,-0.0,-0.0,-0.0,0.04905467,0.0,-0.0,-0.0,-0.0,-0.0,0.0,0.0,0.0,-0.0,-0.0,0.0,0.041868463,-0.0,0.0,0.0,-0.0,0.0,0.0,-0.0,-0.0,-0.0,0.07364169,-0.0,-0.0,0.0,-0.0,0.0,-0.0,0.0,-0.0,0.0,-0.0,-0.0,-0.0,-0.0,0.0,0.0,-0.0,0.0,-0.0,-0.0,0.0,0.0,0.0,-0.0,0.0,-0.0,-0.0,-0.0,0.0,0.0,0.0,-0.0,-0.0,-0.0,-0.0,0.0,0.0,0.0,-0.00394014,0.0,0.0,-0.0,0.0,-0.0,0.0,-0.0,0.0,-0.0,0.030657269,0.0,-0.0,0.0,-0.0,0.0,0.001164233,-0.0,-0.0,0.0,-0.0,0.0,-0.0,-0.0,-0.0,-0.0,0.0,-0.0,0.0,-0.0,-0.0,-0.0,0.0,0.0,-0.0,-0.0,0.0,0.0,0.0,0.0,-0.0,-0.0,0.0,-0.0,0.04515234,0.0,0.0,-0.0,-0.0,0.0,0.0,0.0,0.0,-0.0,-0.0,-0.0,0.0,-0.0,-0.0,0.02049266,0.0,-0.0,-0.0,-0.0,-0.0,-0.0,0.0,0.0,-0.0,0.0,-0.0,0.0,-0.0,0.034644764,-0.0
Gene_100,-0.0,0.047742516,-0.0,0.04013419,0.0,-0.0,-0.0,-0.024381327,0.0,0.0,0.0,-0.0,0.0,0.0,0.0,0.0,0.0,0.0,-0.0,0.0,0.0,0.0,-0.0,-0.0,0.0,0.0,-0.0,-0.0,-0.0,-0.0,-0.0,0.0,0.0,0.0,0.0,-0.0,0.0,-0.0,0.0,0.048216756,0.0,0.0,-0.0,0.0,0.0,-0.0,-0.0,0.0,-0.0,0.0,0.0,0.0,-0.0,0.0,0.0,-0.0,0.0,0.0,-0.0,-0.0,0.0,0.0,0.0,0.0,0.04219007,-0.0,0.0,-0.0,-0.0,-0.0,0.0,-0.0,-0.0,-0.0,0.0,0.0,-0.0,-0.0,-0.0,0.0,0.0,0.0,0.0,0.0,0.0,-0.0,0.0,0.0,0.0,0.0,0.0,-0.0,0.0,0.0,-0.0,-0.0,0.0,0.0,0.04339469,-0.0,-0.0,-0.0,-0.0,0.0,0.0,-0.0,0.0,0.017385125,-0.0,0.0,0.0,0.033091165,-0.0,0.0,0.0,-0.0,-0.0,0.0,0.0,0.0,-0.0,0.0,-0.0,-0.0,-0.0,0.0,0.0,-0.0,0.0,-0.0,0.0,0.0,0.0,-0.0,0.0,0.0,0.0,0.0,0.0,-0.0,-0.0,0.0,0.0,0.0,-0.0,-0.0,0.0,0.0,-0.0,0.0,0.0,0.0,-0.0,-0.0,0.0,-0.00777908,0.0,-0.0,-0.0,0.0,0.0,-0.0,-0.0,-0.0,-0.0,0.0,0.0,0.015278435,0.0,-0.0,-0.0,-0.0,0.0,0.0,-0.0,-0.012095681,-0.0,0.0,0.04393154,-0.0,0.0,-0.0,0.0,0.0,0.0,-0.0,0.0,0.027089054,0.0,-0.0,-0.0,-0.0,0.0,-0.0,-0.0,-0.0,-0.0,-0.0,0.0,0.049118377
